name,tagline,url,location,regions,type,rating,logo_url
Efficient Tourism,Dubai Visa From Thailand,https://dmcfinder.com/listing/dubai-visa-from-thailand/,Dubai,Asia,Tour Operator Dmc,Not rated yet,https://dmcfinder.com/wp-content/uploads/job-manager-uploads/job_logotype/2025/10/logo-300.jpg
Atlas One Group,Atlas One Group,https://dmcfinder.com/listing/atlas-one-group-2/,"97/30 Moo 3, Kamala, Kathu, Phuket 83150, Thailand",Asia,Travel Planner,Not rated yet,https://dmcfinder.com/wp-content/uploads/job-manager-uploads/job_logotype/2025/09/Logo-1.png
Elevate,United Arab Emirates,https://dmcfinder.com/listing/elevate/,"Elevate Tourism LLC. Office 808, Fifty One Tower, Marasi Drive, Business Bay, Dubai PO Box: Dubai 114456 United Arab Emirates","DMC, United Arab Emirates",Leisure Dmc,Not rated yet,https://dmcfinder.com/wp-content/uploads/job-manager-uploads/job_logotype/2025/03/elevate-logo-full-color-rgb-900px-w-72ppi-1.png
Stella Deluxe. VIP,"Tailor-made travel arrangements, luxury accommodation and dining, unique destination in Thailand, private luxury retreats",https://dmcfinder.com/listing/stelladeluxe-vip/,"Phuket, Thailand","B2B DMC, Asia",Leisure Dmc,Not rated yet,
OXOMI,"Thailand, Vietnam, Cambodia, Malaysia, Bali, and Singapore",https://dmcfinder.com/listing/hassle-free-dmc-in-thailand-vietnam-cambodia-malaysia-bali-and-singapore/,"Phuket, Thailand","All-inclusive, Asia",Leisure Dmc,01 review,"https://static.wixstatic.com/media/592b6c_0c16f5a1b0d743fda0bcdc3ba0f7ceb9~mv2.jpg/v1/fill/w_438,h_168,al_c,q_80,usm_0.66_1.00_0.01,enc_auto/CopyofMaddysoul_20240411_180032_0000_edited.jpg"
Best Deals Thailand,Thailand,https://dmcfinder.com/listing/best-deals-thailand/,"Pattaya, Thailand","DMC, Asia",Tour Operator Dmc,01 review,https://bestdealsthailand.com/uploads/0000/7/2024/03/11/bestdealthailand-logo-white.png
Malee Hospitality,"Thailand, Singapore",https://dmcfinder.com/listing/malee-hospitality/,"Bangkok, Thailand","B2B DMC, Asia",Leisure Dmc,01 review,https://maleehospitality.asia/wp-content/uploads/2023/06/logo-black.png
Paradox Resort Phuket,"Phuket, Thailand",https://dmcfinder.com/listing/paradox-resort-phuket/,"Thailand, Thailand","Hotel, Asia",Venues,01 review,https://image-tc.galaxy.tf/wipng-8j48oth6w8od0a6k5hbq8wgjq/phuket.png?rotate=0&crop=19549762190&width=500
TRAVELVAGO CO. LTD.,Thailand,https://dmcfinder.com/listing/travelvago-co-ltd/,"Bangkok, Thailand","Transport, Asia",Transport Services,Not rated yet,https://dhnwbl9peyolb.cloudfront.net/profiles/5183/logo/95372/c/Ihwk1hIKrCxtLtAegEIOsEdFwxPKLAFytqw082ku-thumb.jpg
Grand Sea Discovery,Thailand,https://dmcfinder.com/listing/grand-sea-discovery-co-ltd/,"Koh Samui, Thailand","B2B DMC, Thailand",Leisure Dmc,Not rated yet,https://dhnwbl9peyolb.cloudfront.net/profiles/13364/logo/156945/c/Byyzg3TvQXQCcgZnCBwmwSGv3CjC5WVb3a0vX7zb-thumb.jpg
NNS Luxury Limousine,Thailand,https://dmcfinder.com/listing/nns-luxury-limousine/,"Bangkok, Thailand","Transfer Service, Thailand",Transport Services,Not rated yet,https://dhnwbl9peyolb.cloudfront.net/profiles/13311/logo/156156/c/6EF7wSJ29HRyPstBAhtVlealVUiduRD7MM96XLrz-thumb.jpg
Recreational Bangkok Biking,Thailand,https://dmcfinder.com/listing/recreational-bangkok-biking-co-ltd/,"Bangkok, Thailand","B2B DMC, Asia",Leisure Dmc,Not rated yet,https://dhnwbl9peyolb.cloudfront.net/profiles/8053/logo/103498/c/iltvmPpAl6TW49xKQ1vb92MiFXZJaKvlPNONbAJf-thumb.jpg
Vacay Thailand,Thailand,https://dmcfinder.com/listing/vacay-thailand/,"Bangkok, Thailand","B2B DMC, Asia",Leisure Dmc,Not rated yet,https://dhnwbl9peyolb.cloudfront.net/profiles/10719/logo/128544/c/nYXyI0gC7injSOy88OkaprSuhVe3Zu6VbJvHUVJQ-thumb.jpg
Laemsingh Villa 3,Thailand,https://dmcfinder.com/listing/laemsingh-villa-3/,"Phuket, Thailand","Hotels, Thailand",Venues,Not rated yet,https://dhnwbl9peyolb.cloudfront.net/profiles/5351/logo/95634/c/btXzGUV5jSxJB7LrZkCtUp3QduTrF3UbLUhbU4lw-thumb.jpg
Villa Baan Hen,Thailand,https://dmcfinder.com/listing/villa-baan-hen/,"Phuket, Thailand","Hotels, Thailand",Venues,Not rated yet,https://dhnwbl9peyolb.cloudfront.net/profiles/5392/logo/95697/c/qVCaaxe3VPZfPewDHZri0E5xb6X1dvX0PnpPU7z8-thumb.jpg
Villa Baan Paradise,Thailand,https://dmcfinder.com/listing/villa-baan-paradise/,"Phuket, Thailand","Hotels, Thailand",Venues,Not rated yet,https://dhnwbl9peyolb.cloudfront.net/profiles/5398/logo/95705/c/HFHYbps3jAQ0cTds8OeIcOWydZ9qoy8TIvpiTlDE-thumb.jpg
Pra Nang Villa,Thailand,https://dmcfinder.com/listing/pra-nang-villa/,"Phuket, Thailand","Hotels, Thailand",Venues,Not rated yet,https://dhnwbl9peyolb.cloudfront.net/profiles/5362/logo/95649/c/fBDeTZ2PwhVIsIW1FpJz5VBBHJwVKLNMJDyg019h-thumb.jpg
Yacht Phuket Trip,Thailand,https://dmcfinder.com/listing/yacht-phuket-trip/,"Phuket, Thailand","B2B DMC, Asia",Leisure Dmc,Not rated yet,https://dhnwbl9peyolb.cloudfront.net/profiles/1750/logo/91147/c/QgIsnCbMpYOYdAOVM0wGDgMr80tt1T119BGo2l7s-thumb.jpg
Tic Tours,Thailand,https://dmcfinder.com/listing/tic-tours/,"Bangkok, Thailand","DMC, Asia",Premium Dmc,Not rated yet,https://dhnwbl9peyolb.cloudfront.net/profiles/11738/logo/139125/c/44cBgUyKn3n9LXkuO4C5SwVw1FCpmKsg8k4eNuJ8-thumb.jpg
TAG Travel Asia,Thailand,https://dmcfinder.com/listing/tag-travel-asia/,"Bangkok, Thailand","DMC, Asia",Premium Dmc,Not rated yet,https://dhnwbl9peyolb.cloudfront.net/profiles/5888/logo/137381/c/hewgLJuuvUG1VZlZxQV8C6P2DJxBCdiaya3llYuz-thumb.jpg
Royal Vacation Co. LTD,Thailand,https://dmcfinder.com/listing/royal-vacation-co-ltd/,"Bangkok, Thailand","DMC, Asia",Premium Dmc,Not rated yet,https://dhnwbl9peyolb.cloudfront.net/profiles/7493/logo/98867/c/uRPx8SizqYLjH8OmD1OeZ2ahqMofa7CQB9xyiFWI-thumb.jpg
Discovery Dmc,Thailand,https://dmcfinder.com/listing/discovery-dmc/,"Bangkok, Thailand","DMC, Asia",Premium Dmc,Not rated yet,https://dhnwbl9peyolb.cloudfront.net/profiles/11345/logo/135301/c/HoQSqJGMwZ8YStFZWKUBoJrHFRGAJ3Gmow7NoP8g-thumb.jpg
"Travools Services (Thailand) Co., Ltd",Thailand,https://dmcfinder.com/listing/travools-services-thailand-co-ltd/,"Pattaya City, Thailand","DMC, Asia",Premium Dmc,Not rated yet,https://dhnwbl9peyolb.cloudfront.net/profiles/11334/logo/135160/c/8WeaiQSFx1iTbhzs5mTSymTRayJNB6vllSJZffu3-thumb.jpg
M&M Excellence Asia,Thailand,https://dmcfinder.com/listing/mm-excellence-asia/,"Phuket, Thailand","DMC, Asia",Premium Dmc,Not rated yet,https://dhnwbl9peyolb.cloudfront.net/profiles/11646/logo/138183/c/jNnDKw7b2EUFNCPVL3TbJEfZVYMwWiry1fNrPgUv-thumb.jpg
RedFox Events Co Ltd,Thailand,https://dmcfinder.com/listing/redfox-events-co-ltd/,"Bangkok, Thailand","DMC, Asia",Premium Dmc,Not rated yet,https://dhnwbl9peyolb.cloudfront.net/profiles/6791/logo/97701/c/Q4bcUTlwhSjzfbZCAIoF376ceQKRRrjCNvc8COSj-thumb.jpg
MUNDO NOMADA TRAVEL,Thailand,https://dmcfinder.com/listing/mundo-nomada-travel/,"Bangkok, Thailand","DMC, Asia",Premium Dmc,Not rated yet,https://dhnwbl9peyolb.cloudfront.net/profiles/13165/logo/154716/c/6vPb5H90k95i85oM5Ej6XkzukqJ72WEpajRUXpjo-thumb.jpg
"Asia Travel and estate Co.,Ltd.",Thailand,https://dmcfinder.com/listing/asia-travel-and-estate-co-ltd/,"Bangkok, Thailand","DMC, Asia",Premium Dmc,Not rated yet,https://dhnwbl9peyolb.cloudfront.net/profiles/11907/logo/141108/c/w4GJzQyyASLC8ySPJDeZ4XCiJP6kd2XvP0io6Po6-thumb.jpg
Thai Sabai Life Co. Ltd. / Boost Incentive,Thailand,https://dmcfinder.com/listing/thai-sabai-life-co-ltd-boost-incentive/,"Bangkok, Thailand","DMC, Asia",Premium Dmc,Not rated yet,https://dhnwbl9peyolb.cloudfront.net/profiles/8279/logo/105115/c/ImL2ZMHdkeXOl5BT3RKh4fvyJWNFRUjyr5rxsHPQ-thumb.jpg
Phuket Event Company MICE  DMC Bangkok Thailand,Thailand,https://dmcfinder.com/listing/phuket-event-company-mice-dmc-bangkok-thailand/,"Bangkok, Thailand","DMC, Asia",Premium Dmc,Not rated yet,https://dhnwbl9peyolb.cloudfront.net/profiles/9310/logo/113034/c/ukaLS8kOEhO2LBXXDraZrC7mKgbMdKy1o5eD6J22-thumb.jpg
DISCOVA,Thailand,https://dmcfinder.com/listing/discova/,"Bangkok, Thailand","DMC, Thailand",Premium Dmc,Not rated yet,https://dhnwbl9peyolb.cloudfront.net/profiles/4827/logo/94855/c/mi6c1ZZVCv9rqqxDghoPsNpCKKo2Ki6PzlnjSS5j-thumb.jpg
Asia Bespoke Tours,Thailand,https://dmcfinder.com/listing/asia-bespoke-tours/,"Bangkok, Thailand","DMC, Thailand",Premium Dmc,Not rated yet,https://dhnwbl9peyolb.cloudfront.net/profiles/2479/logo/92289/c/HkSmFMIaQIOd4VOXlDUdAmds5IW9cx3p8hm3pfE1-thumb.jpg
TAGG Travel,Thailand,https://dmcfinder.com/listing/tagg-travel/,"Bangkok, Thailand","DMC, Thailand",Premium Dmc,Not rated yet,https://dhnwbl9peyolb.cloudfront.net/profiles/2990/logo/93052/c/yMtPziJQTM9wYq6XkkT3YdzHWsVhPN6Ao5AnB3mv-thumb.jpg
Asian Trails,"DMC in Thailand, Vietnam, Cambodia, Laos, Indonesia, Malaysia, Singapore, Myanmar, China and Hong Kong",https://dmcfinder.com/listing/asian-trails/,"Bangkok, Thailand","DMC, Thailand",Premium Dmc,Not rated yet,https://dhnwbl9peyolb.cloudfront.net/profiles/810/logo/89762/c/xaT90yUvZsaANJXBHY7oPBcepE5iZHFBpjrUGE5o-thumb.jpg
8th Wave Events & Destinations,"We were incorporated in 2008 with Singapore as our base, and work with corporate clients & agencies as their preferred partner for Conferences, Incentive trips & Special Events Production across Asia Pacific.",https://dmcfinder.com/listing/8th-wave-events-destinations/,"Bangkok, Thailand","DMC, Thailand",Premium Dmc,Not rated yet,https://dhnwbl9peyolb.cloudfront.net/profiles/495/logo/89253/c/TnIxetk2Am9US1qPs4CQy9fJVKozuqHAXGy22M5z-thumb.jpg
Asiaiza,Thailand,https://dmcfinder.com/listing/asiaiza/,"Bangkok, Thailand","DMC, Thailand",Tour Operator Dmc,Not rated yet,https://dhnwbl9peyolb.cloudfront.net/profiles/1206/logo/90406/c/BffcfZ41uW5UbIPvnNRQzsijqzYRzuKaBku9K0be-thumb.jpg
Meeting and Convention Planner Thailand,"Established in 1997, Meeting and Convention Planner (M&CP) is well-known for our innovative custom-designed programs for meetings, incentives, conferences and events (MICE) in Thailand.",https://dmcfinder.com/listing/meeting-and-convention-planner-thailand/,"Bangkok, Thailand","DMC, Asia",Premium Dmc,Not rated yet,https://dhnwbl9peyolb.cloudfront.net/profiles/573/logo/89374/c/NC37VdsHTbuvaBKBFkgUs9Dp5WW7ZsOI1qH5zh0l-thumb.jpg
CDM – Conference & Destination Management -EUROMIC Thailand,"euromic members are full -service DMCs who are able to handle your group travel needs completely, whether you are looking for an end-to-end incentive programme or a more a la carte approach.",https://dmcfinder.com/listing/cdm-conference-destination-management-euromic-thailand/,"Bangkok, Thailand","DMC, Asia",Premium Dmc,Not rated yet,https://dhnwbl9peyolb.cloudfront.net/profiles/2280/logo/91981/c/85b4AA8dUeo49SaxymlZJbqMcDehn5oCP4bSXKfZ-thumb.jpg
CDM-Conference & Destination Management,"Complete destination services for travel programs and administrative (PCO) services for meeting events. 30 years in business, reliable, creative, concise communication and flawless trip delivery.",https://dmcfinder.com/listing/cdm-conference-destination-management/,"Bangkok, Thailand","DMC, Thailand",Premium Dmc,Not rated yet,https://dhnwbl9peyolb.cloudfront.net/profiles/1481/logo/90820/c/ssQwO0XdBmOmgFWRwEYPyA2VDE3blMAHfON4F2Th-thumb.jpg
"Nouveau Siam Travel Co., LTD.",We are a Destination Management Company in Thailand. We specialise in every attractions and destination in Thailand from Southern to Northern Thailand with 20 years experience in the business.,https://dmcfinder.com/listing/nouveau-siam-travel-co-ltd/,"Bangkok, Thailand","DMC, Thailand",Premium Dmc,Not rated yet,https://dhnwbl9peyolb.cloudfront.net/profiles/885/logo/89908/c/ddVleh2ieVngnloUeBqTTVlU92NWSBU6kjLvbHqE-thumb.jpg
"GAT International Co.,Ltd.",,https://dmcfinder.com/listing/gat-international-co-ltd/,"Bangkok, Thailand","DMC, Thailand",Premium Dmc,Not rated yet,https://dhnwbl9peyolb.cloudfront.net/profiles/175/logo/88756/c/iR0EE1mrPXWmdR5DVGiErhoBqe4Dxj9PjmHUtYjs-thumb.jpg
Asia World Enterprise,Thailand,https://dmcfinder.com/listing/asia-world-ent/,"Bangkok, Thailand","DMC, Thailand",Tour Operator Dmc,Not rated yet,https://dhnwbl9peyolb.cloudfront.net/profiles/172/logo/88750/c/IN9DnrpC0DJHQuMrrgjfvZsroi1Lm6Dxahqi4Kag-thumb.jpg
Go Vacation,Go Vacation is a total-service destination management company (DMC) with offices throughout - Thailand - Indonesia - Sri Lanka - Vietnam - Cambodia - India,https://dmcfinder.com/listing/go-vacation/,"Bangkok, Thailand","DMC, Thailand",Premium Dmc,Not rated yet,https://dhnwbl9peyolb.cloudfront.net/profiles/1695/logo/91069/c/Q6LWYNirNanufvp2B0ivCJ2X3RMAWq1t3AsgbSi7-thumb.jpg
Ovation – Oriental Events,"Ovation Global DMC is a Destination Management Company. We have been servicing associations, corporations and agencies in 100+ destinations throughout Europe, Middle East, Africa, Asia, North America and South America for more than 25",https://dmcfinder.com/listing/ovation-oriental-events/,"Bangkok, Thailand","DMC, Thailand",Premium Dmc,Not rated yet,https://dhnwbl9peyolb.cloudfront.net/profiles/1421/logo/90733/c/B4zGhrieadRGGbjWPwF2uKc1VAriw9K9P4ZFjZQl-thumb.jpg
The Sukhothai Bangkok,The Sukhothai is an oasis in the heart of Bangkok’s Central Business district. Surrounded by 6 acres of lush tropical gardens and lotus ponds.,https://dmcfinder.com/listing/the-sukhothai-bangkok/,"Bangkok, thailand","24h reception, Asia",Tour Operator Dmc,Not rated yet,https://dhnwbl9peyolb.cloudfront.net/profiles/5272/logo/95505/c/eglRk9C7gOWVoJkhK5NxOeFE65OSr9PlOrbPGN7J-thumb.jpg
The Berkeley Hotel Pratunam,"The Berkeley Hotel is located in the heart of Pratunam District, known for its local business area and the most famous shopping attractions in Bangkok and is easily accessible from the Airport link trains or the Expressway network.",https://dmcfinder.com/listing/the-berkeley-hotel-pratunam/,"Bangkok, thailand","24h reception, Thailand",Tour Operator Dmc,Not rated yet,https://dhnwbl9peyolb.cloudfront.net/profiles/5882/logo/96372/c/aUs76nWX9LB2MKfxK8Va1FapwjlJUBzD4JOYDwya-thumb.jpg
Sawaddi Patong REsort & Spa,"Welcome to Sawaddi Patong Resort & Spa, an oasis of comfort and serenity in the heart of Phuket's liveliest and most happening beach location.",https://dmcfinder.com/listing/sawaddi-patong-resort-spa/,"Phuket, thailand","24h reception, Thailand",Tour Operator Dmc,Not rated yet,https://dhnwbl9peyolb.cloudfront.net/profiles/5208/logo/95410/c/oU3UR3chTC7AomOLYQdhilgZU8juorMZ4vn0yVb0-thumb.jpg
Renaissance Koh Samui Resort & Spa,WELCOME TO RENAISSANCE KOH SAMUI RESORT & SPA Your tropical oasis awaits at our hotel in Lamai Beach,https://dmcfinder.com/listing/renaissance-koh-samui-resort-spa/,"Koh Samui, thailand","24h reception, Thailand",Tour Operator Dmc,Not rated yet,https://dhnwbl9peyolb.cloudfront.net/profiles/13680/logo/160353/c/yjvyhR2z5Kctcjoi8IfMA6h958C2R9zIGSIW6pE8-thumb.jpg
Avani+ Riverside Bangkok Hotel,"Welcome to Avani+ Riverside Bangkok Hotel. From high above the city skyline, create your evening plans or start the day right – all in Avani+ style and comfort. Your best choice for a riverside hotel in Bangkok.",https://dmcfinder.com/listing/avani-riverside-bangkok-hotel/,"Bangkok, thailand","24h reception, Asia",Tour Operator Dmc,Not rated yet,https://dhnwbl9peyolb.cloudfront.net/profiles/11622/logo/137603/c/5NvxHadg5NMkmCJsxHDtWdS4Pr3VgQJ6NcK5rrB4-thumb.jpg
The Vijitt Resort Phuket,"The Vijitt Resort Phuket, a romantic retreat where peace and tranquility soothe the soul with breathtaking natural scenery all around, providing a romantic stay in contemporary private villas and creatively designed activities you never experience",https://dmcfinder.com/listing/the-vijitt-resort-phuket/,"Phuket, thailand","24h reception, Thailand",Tour Operator Dmc,Not rated yet,https://dhnwbl9peyolb.cloudfront.net/profiles/467/logo/89214/c/sJyY2nxPWqG4OqEJDGHTnKJpN0mAhYSOspmMMamP-thumb.jpg
The Nature Phuket,"The Nature Phuket, a contemporary 5-star resort near Patong Beach overlooking the Kalim Bay. Our stylish 300-room hotel is a tranquil sanctuary surrounded by the lush green nature, only 5 minutes drive to the vibrant beach, shopping and",https://dmcfinder.com/listing/the-nature-phuket/,"Phuket, thailand","24h reception, Thailand",Tour Operator Dmc,Not rated yet,https://dhnwbl9peyolb.cloudfront.net/profiles/5229/logo/95434/c/secdPAO2s8bXZcKbd5Hirp51dSLlcrXY0cORz9V5-thumb.jpg
RAMA GARDENS HOTEL BANGKOK,"Step into another world…into the tranquility of Bangkok’s most popular city resort. Here, amid 26 acres of manicured lawns and tropical plants, Rama Gardens offers a combination of elegant accommodation, fine dining, meeting facilities, and",https://dmcfinder.com/listing/rama-gardens-hotel-bangkok/,"Bangkok, thailand","24h reception, Asia",Tour Operator Dmc,Not rated yet,https://dhnwbl9peyolb.cloudfront.net/profiles/11632/logo/137680/c/SgS6VaUx6JmP8NQLXyjekEObBP7p9mA12oL7HFNH-thumb.jpg
THE REGENT CHAAM BEACH RESORT,"Spend your holiday on Thailand’s beautiful gulf coast, and enjoy spacious tropical landscapes while sunning yourself along Cha Am’s longest resort beachfront. Make The Regent Cha Am Beach Resort your holiday home away from home.”",https://dmcfinder.com/listing/the-regent-chaam-beach-resort/,"Cha-am, thailand","24h reception, Thailand",Tour Operator Dmc,Not rated yet,https://dhnwbl9peyolb.cloudfront.net/profiles/2661/logo/92556/c/GIpiUA2e61VLwNN5FoszSwQzx9QSTz0JSSSgPVdJ-thumb.jpg
Banyan Tree Bangkok,Simply the most exhilarating way to experience Bangkok.,https://dmcfinder.com/listing/banyan-tree-bangkok/,"Bangkok, thailand","24h reception, Asia",Tour Operator Dmc,Not rated yet,https://dhnwbl9peyolb.cloudfront.net/profiles/5708/logo/96113/c/Yh4zEnqsnlCr11lIIgy45oFMALjAOkuAmmLclRJB-thumb.jpg
Angsana  Laguna  Phuket,"Set along the shores of Phuket’s Bang Tao Bay in the island’s northwest, our Angsana Laguna Phuket beachfront resort is a part of Asia’s first integrated resort, Laguna Phuket.",https://dmcfinder.com/listing/angsana-laguna-phuket/,"Phuket, thailand","24h reception, Thailand",Tour Operator Dmc,Not rated yet,https://dhnwbl9peyolb.cloudfront.net/profiles/12124/logo/144181/c/29Q7kEkVQJMXQ1O5yL1FIaQdN0UnXL0DAerbXeB2-thumb.jpg
Royal Cliff Hotels Group,"Royal Cliff Hotels Group is one of the top resort convention in Thailand with over 220 awards to date. The group consists of 4 luxury hotels and a state of the art convention centre, Pattaya Exhibition and Convention Hall (PEACH).",https://dmcfinder.com/listing/royal-cliff-hotels-group/,"Pattaya City, thailand","24h reception, Thailand",Tour Operator Dmc,Not rated yet,https://dhnwbl9peyolb.cloudfront.net/profiles/1985/logo/91507/c/J8AEs76Ks3scQwhtEwLAE2CQStwWEQMj49GEXHqi-thumb.jpg
Anantara Hua Hin Resort,"Only a few hours’ drive south of Bangkok, Hua Hin is the setting of the first Anantara, a multi award-winning resort among Hua Hin hotels, that has inspired dozens more around the globe.",https://dmcfinder.com/listing/anantara-hua-hin-resort/,"Hua Hin, thailand","24h reception, Thailand",Tour Operator Dmc,Not rated yet,https://dhnwbl9peyolb.cloudfront.net/profiles/10897/logo/131384/c/ZDkvSmsEZwBJNAPY0jgdiWfEhtUqAzwhGRGBBFar-thumb.jpg
Novotel Phuket Resort,"Of all the 4 star hotels in Patong beach, the Novotel Phuket Resort stands out as having the best sea view. Novotel Phuket is the resort of choice for guests looking to escape everyday life for some much-needed peace of mind.",https://dmcfinder.com/listing/novotel-phuket-resort/,"Pa Tong, thailand","24h reception, Thailand",Tour Operator Dmc,Not rated yet,https://dhnwbl9peyolb.cloudfront.net/profiles/5054/logo/95182/c/Y6GfVSQKyd4L1A4OA2sBgfLSSUEuy7opE79YW43B-thumb.jpg
Hotel Nikko Bangkok,Hotel Nikko Bangkok is managed by Okura-Nikko Hotel Management Company which operates high-grade hotels throughout Japan and major cities around the world under the brand name of Nikko Hotels International.,https://dmcfinder.com/listing/hotel-nikko-bangkok/,"Bangkok, thailand","24h reception, Asia",Tour Operator Dmc,Not rated yet,https://dhnwbl9peyolb.cloudfront.net/profiles/5269/logo/95501/c/pPxO4ndtxlmT6upnpn9qdRTM0FY9SQDXUcKRkXiO-thumb.jpg
Royal Orchid Sheraton Hotel & Towers,Experience refined luxury and travel smart at Royal Orchid Sheraton Hotel & Towers. Discover our five-star hotel haven on the enchanting Chao Phraya River in vibrant Bangkok. Delight in our location opposite ICON Siam and next to the River Cruise,https://dmcfinder.com/listing/royal-orchid-sheraton-hotel-towers/,"Bangkok, thailand","24h reception, Thailand",Tour Operator Dmc,Not rated yet,https://dhnwbl9peyolb.cloudfront.net/profiles/13537/logo/158908/c/1IU9ihA1r9ElOy3wQcaREyJSRqO1XjzQcdbWgkru-thumb.jpg
AMBASSADOR HOTEL BANGKOK,"Centrally located with easy access to the Skytrain and Subway, Ambassador Bangkok is an ideal location for staying and all kinds of meetings.",https://dmcfinder.com/listing/ambassador-hotel-bangkok/,"Bangkok, thailand","24h reception, Asia",Tour Operator Dmc,Not rated yet,https://dhnwbl9peyolb.cloudfront.net/profiles/5135/logo/95305/c/9oSpuC6gaaMDHEyPO1ucrzZIgf5tDS2GqTcNj7QI-thumb.jpg
Prince Palace Hotel,A PALACE hotel with rich history,https://dmcfinder.com/listing/prince-palace-hotel/,"Bangkok, thailand","24h reception, Thailand",Tour Operator Dmc,Not rated yet,https://dhnwbl9peyolb.cloudfront.net/profiles/10886/logo/131298/c/IlSiBisohOccoguuZjFnv3dH3cpRLExTKWbGWDyX-thumb.jpg
Kata Sea Breeze Resort,A fabulous 3.5* plus resort offering great value for money accommodation and MICE market opportunities. A member of TICA and TCEB Thailand,https://dmcfinder.com/listing/kata-sea-breeze-resort/,"Phuket, thailand","24h reception, Thailand",Tour Operator Dmc,Not rated yet,https://dhnwbl9peyolb.cloudfront.net/profiles/4120/logo/93875/c/1mWKA9V097i3vxqaIImZgfz83QYC7BTMimcMlSaR-thumb.jpg
Beach Republic,"42 luxury suites and private pool villas located on beach fronted paradise in Koh Samui, Thailand",https://dmcfinder.com/listing/beach-republic/,"Ko Samui, thailand","All-inclusive, Thailand",Tour Operator Dmc,Not rated yet,https://dhnwbl9peyolb.cloudfront.net/profiles/1720/logo/91107/c/vsDlvDLoUH5biepJ9rSJl28mUzTCFjbwRXIjNNYD-thumb.jpg
Devasom Khao Lak Beach Resort & Villas,"Set in naturally beautiful surrounds, Devasom Khao Lak is the perfect place for a relaxing beachfront escape. A stay here will indulge the senses and ensure the warm hospitality that Thailand is famous for",https://dmcfinder.com/listing/devasom-khao-lak-beach-resort-villas/,"Phang-nga, thailand","24h reception, Thailand",Tour Operator Dmc,Not rated yet,https://dhnwbl9peyolb.cloudfront.net/profiles/5145/logo/95315/c/rfCKT6G3Rtotf7AVymMgnEHRvwALVMjjzvtCgKzA-thumb.jpg
Anantara Bophut Koh Samui Resort,,https://dmcfinder.com/listing/anantara-bophut-koh-samui-resort/,"Koh Samui, thailand","24h reception, Thailand",Tour Operator Dmc,Not rated yet,https://dhnwbl9peyolb.cloudfront.net/profiles/11132/logo/133417/c/zD85iyis5t4uA52teD5nGKbsFPaKi0ts8Km89M0g-thumb.jpg
Mode Sathorn Hotel,"Check your fashionable lifestyle into this stylish hotel. Our 201 fashionable rooms in six categories, complemented with a spa, infinity-edge pool, rooftop bar, all-day dining and stylish meetings/events venues, in the commercial heart of Bangkok, steps",https://dmcfinder.com/listing/mode-sathorn-hotel/,"Bangkok, thailand","24h reception, Thailand",Tour Operator Dmc,Not rated yet,https://dhnwbl9peyolb.cloudfront.net/profiles/949/logo/90024/c/JtBPJqSqZ7wjohOqaXIAfvWSr78qbf3v3exYbxIx-thumb.jpg
