Partner Name,Category,Location,Website
Siam DMC,Leisure & Experience DMCs,Bangkok,https://www.siamdmc.com/
Eagle Crest DMC,Leisure & Experience DMCs,Bangkok,https://www.eaglecrestdmc.com/thailand-dmc
Discovery DMC,Leisure & Experience DMCs,Bangkok,https://discoverydmc.com/
Ovation DMC Thailand,Leisure & Experience DMCs,Bangkok,https://ovationdmc.com/destinations/thailand/
Diethelm Travel,Leisure & Experience DMCs,Bangkok,https://www.diethelmtravel.com/
Exo Travel Thailand,Leisure & Experience DMCs,Bangkok,https://www.exotravel.com/
Khiri Travel,Leisure & Experience DMCs,Bangkok,https://www.khiri.com/
Pacific World Thailand,Leisure & Experience DMCs,Bangkok,https://www.pacificworld.com/
Destination Asia Thailand,Leisure & Experience DMCs,Bangkok,https://www.destination-asia.com/
Buffalo Tours Thailand,Leisure & Experience DMCs,Bangkok,https://www.buffalotours.com/
Smiling Albino,Leisure & Experience DMCs,Bangkok,https://smilingalbino.com/
Selective Asia,Leisure & Experience DMCs,Bangkok,https://www.selectiveasia.com/
Backyard Travel,Leisure & Experience DMCs,Bangkok,https://www.backyardtravel.com/
Abercrombie & Kent Thailand,Leisure & Experience DMCs,Bangkok,https://www.abercrombiekent.com/
Intrepid Travel Thailand,Leisure & Experience DMCs,Bangkok  Chiang Mai,https://www.intrepidtravel.com/
Myths and Mountains,Leisure & Experience DMCs,Bangkok,https://www.mythsandmountains.com/
Sawasdee Thailand,Leisure & Experience DMCs,Bangkok,https://www.sawasdee.com/
Thailand Packages,Leisure & Experience DMCs,Bangkok,https://www.thailandpackages.com/
Mekong Tourism,Leisure & Experience DMCs,Bangkok,https://mekongtourism.org/
Raya Heritage Cruises,Leisure & Experience DMCs,Chiang Mai,https://www.rayaheritage.com/
Absolute Travel Thailand,Leisure & Experience DMCs,Bangkok,https://www.absolutetravel.com/
Gecko Travel Thailand,Leisure & Experience DMCs,Bangkok,https://www.geckosadventures.com/
Thai Travel Center,Leisure & Experience DMCs,Bangkok,https://www.thaitravelcenter.com/
Siam Express,Leisure & Experience DMCs,Bangkok,https://www.siamexpress.com/
Bamboo Travel,Leisure & Experience DMCs,Bangkok,https://www.bambootravel.co.uk/
Local Alike,Leisure & Experience DMCs,Bangkok,https://localalike.com/
Trafalgar Thailand,Leisure & Experience DMCs,Bangkok,https://www.trafalgar.com/
G Adventures Thailand,Leisure & Experience DMCs,Bangkok,https://www.gadventures.com/
Wendy Wu Tours,Leisure & Experience DMCs,Bangkok,https://www.wendywutours.com/
Audley Travel Thailand,Leisure & Experience DMCs,Bangkok,https://www.audleytravel.com/
Rickshaw Travel Thailand,Leisure & Experience DMCs,Bangkok,https://www.rickshawtravel.co.uk/
Aman Tours Thailand,Leisure & Experience DMCs,Bangkok,https://www.amantours.com/
Travelfish Thailand,Leisure & Experience DMCs,Bangkok,https://www.travelfish.org/
Chiangmai Trekking,Leisure & Experience DMCs,Chiang Mai,https://www.chiangmaitrekking.com/
Thai Private Tour Guide,Leisure & Experience DMCs,Bangkok,https://www.thaiprivatetourguide.com/
Let's Go Thailand,Leisure & Experience DMCs,Bangkok,https://www.letsgothailand.com/
Siam Society Tours,Leisure & Experience DMCs,Bangkok,https://www.siamsociety.com/
Take Me Tour,Leisure & Experience DMCs,Bangkok,https://takemetour.com/
WithLocals Thailand,Leisure & Experience DMCs,Bangkok  Chiang Mai,https://www.withlocals.com/
Tourscanner Thailand,Leisure & Experience DMCs,Bangkok,https://tourscanner.com/
GetYourGuide Thailand,Leisure & Experience DMCs,Bangkok,https://www.getyourguide.com/
Viator Thailand,Leisure & Experience DMCs,Bangkok,https://www.viator.com/
Efficient Tourism,Leisure & Experience DMCs,Dubai,https://dmcfinder.com/listing/dubai-visa-from-thailand/
Atlas One Group,Leisure & Experience DMCs,97/30 Moo 3  Kamala  Kathu  Phuket 83150  Thailand,https://dmcfinder.com/listing/atlas-one-group-2/
Elevate,Leisure & Experience DMCs,Elevate Tourism LLC. Office 808  Fifty One Tower  Marasi Drive  Business Bay  Dubai PO Box: Dubai 114456 United Arab Emirates,https://dmcfinder.com/listing/elevate/
Stella Deluxe. VIP,Leisure & Experience DMCs,Phuket  Thailand,https://dmcfinder.com/listing/stelladeluxe-vip/
OXOMI,Leisure & Experience DMCs,Phuket  Thailand,https://dmcfinder.com/listing/hassle-free-dmc-in-thailand-vietnam-cambodia-malaysia-bali-and-singapore/
Best Deals Thailand,Leisure & Experience DMCs,Pattaya  Thailand,https://dmcfinder.com/listing/best-deals-thailand/
Malee Hospitality,Leisure & Experience DMCs,Bangkok  Thailand,https://dmcfinder.com/listing/malee-hospitality/
Paradox Resort Phuket,Leisure & Experience DMCs,Thailand  Thailand,https://dmcfinder.com/listing/paradox-resort-phuket/
TRAVELVAGO CO. LTD.,Leisure & Experience DMCs,Bangkok  Thailand,https://dmcfinder.com/listing/travelvago-co-ltd/
Grand Sea Discovery,Leisure & Experience DMCs,Koh Samui  Thailand,https://dmcfinder.com/listing/grand-sea-discovery-co-ltd/
NNS Luxury Limousine,Leisure & Experience DMCs,Bangkok  Thailand,https://dmcfinder.com/listing/nns-luxury-limousine/
Recreational Bangkok Biking,Leisure & Experience DMCs,Bangkok  Thailand,https://dmcfinder.com/listing/recreational-bangkok-biking-co-ltd/
Vacay Thailand,Leisure & Experience DMCs,Bangkok  Thailand,https://dmcfinder.com/listing/vacay-thailand/
Laemsingh Villa 3,Leisure & Experience DMCs,Phuket  Thailand,https://dmcfinder.com/listing/laemsingh-villa-3/
Villa Baan Hen,Leisure & Experience DMCs,Phuket  Thailand,https://dmcfinder.com/listing/villa-baan-hen/
Villa Baan Paradise,Leisure & Experience DMCs,Phuket  Thailand,https://dmcfinder.com/listing/villa-baan-paradise/
Pra Nang Villa,Leisure & Experience DMCs,Phuket  Thailand,https://dmcfinder.com/listing/pra-nang-villa/
Yacht Phuket Trip,Leisure & Experience DMCs,Phuket  Thailand,https://dmcfinder.com/listing/yacht-phuket-trip/
Tic Tours,Leisure & Experience DMCs,Bangkok  Thailand,https://dmcfinder.com/listing/tic-tours/
TAG Travel Asia,Leisure & Experience DMCs,Bangkok  Thailand,https://dmcfinder.com/listing/tag-travel-asia/
Royal Vacation Co. LTD,Leisure & Experience DMCs,Bangkok  Thailand,https://dmcfinder.com/listing/royal-vacation-co-ltd/
Travools Services (Thailand) Co.  Ltd,Leisure & Experience DMCs,Pattaya City  Thailand,https://dmcfinder.com/listing/travools-services-thailand-co-ltd/
M&M Excellence Asia,Leisure & Experience DMCs,Phuket  Thailand,https://dmcfinder.com/listing/mm-excellence-asia/
RedFox Events Co Ltd,Leisure & Experience DMCs,Bangkok  Thailand,https://dmcfinder.com/listing/redfox-events-co-ltd/
MUNDO NOMADA TRAVEL,Leisure & Experience DMCs,Bangkok  Thailand,https://dmcfinder.com/listing/mundo-nomada-travel/
Asia Travel and estate Co. Ltd.,Leisure & Experience DMCs,Bangkok  Thailand,https://dmcfinder.com/listing/asia-travel-and-estate-co-ltd/
Thai Sabai Life Co. Ltd. / Boost Incentive,Leisure & Experience DMCs,Bangkok  Thailand,https://dmcfinder.com/listing/thai-sabai-life-co-ltd-boost-incentive/
Phuket Event Company MICE  DMC Bangkok Thailand,Leisure & Experience DMCs,Bangkok  Thailand,https://dmcfinder.com/listing/phuket-event-company-mice-dmc-bangkok-thailand/
DISCOVA,Leisure & Experience DMCs,Bangkok  Thailand,https://dmcfinder.com/listing/discova/
Asia Bespoke Tours,Leisure & Experience DMCs,Bangkok  Thailand,https://dmcfinder.com/listing/asia-bespoke-tours/
TAGG Travel,Leisure & Experience DMCs,Bangkok  Thailand,https://dmcfinder.com/listing/tagg-travel/
Asian Trails,Leisure & Experience DMCs,Bangkok  Thailand,https://dmcfinder.com/listing/asian-trails/
8th Wave Events & Destinations,Leisure & Experience DMCs,Bangkok  Thailand,https://dmcfinder.com/listing/8th-wave-events-destinations/
Asiaiza,Leisure & Experience DMCs,Bangkok  Thailand,https://dmcfinder.com/listing/asiaiza/
Meeting and Convention Planner Thailand,Leisure & Experience DMCs,Bangkok  Thailand,https://dmcfinder.com/listing/meeting-and-convention-planner-thailand/
CDM – Conference & Destination Management -EUROMIC Thailand,Leisure & Experience DMCs,Bangkok  Thailand,https://dmcfinder.com/listing/cdm-conference-destination-management-euromic-thailand/
CDM-Conference & Destination Management,Leisure & Experience DMCs,Bangkok  Thailand,https://dmcfinder.com/listing/cdm-conference-destination-management/
Nouveau Siam Travel Co.  LTD.,Leisure & Experience DMCs,Bangkok  Thailand,https://dmcfinder.com/listing/nouveau-siam-travel-co-ltd/
GAT International Co. Ltd.,Leisure & Experience DMCs,Bangkok  Thailand,https://dmcfinder.com/listing/gat-international-co-ltd/
Asia World Enterprise,Leisure & Experience DMCs,Bangkok  Thailand,https://dmcfinder.com/listing/asia-world-ent/
Go Vacation,Leisure & Experience DMCs,Bangkok  Thailand,https://dmcfinder.com/listing/go-vacation/
Ovation – Oriental Events,Leisure & Experience DMCs,Bangkok  Thailand,https://dmcfinder.com/listing/ovation-oriental-events/
The Sukhothai Bangkok,Leisure & Experience DMCs,Bangkok  thailand,https://dmcfinder.com/listing/the-sukhothai-bangkok/
The Berkeley Hotel Pratunam,Leisure & Experience DMCs,Bangkok  thailand,https://dmcfinder.com/listing/the-berkeley-hotel-pratunam/
Sawaddi Patong REsort & Spa,Leisure & Experience DMCs,Phuket  thailand,https://dmcfinder.com/listing/sawaddi-patong-resort-spa/
Renaissance Koh Samui Resort & Spa,Leisure & Experience DMCs,Koh Samui  thailand,https://dmcfinder.com/listing/renaissance-koh-samui-resort-spa/
Avani+ Riverside Bangkok Hotel,Leisure & Experience DMCs,Bangkok  thailand,https://dmcfinder.com/listing/avani-riverside-bangkok-hotel/
The Vijitt Resort Phuket,Leisure & Experience DMCs,Phuket  thailand,https://dmcfinder.com/listing/the-vijitt-resort-phuket/
The Nature Phuket,Leisure & Experience DMCs,Phuket  thailand,https://dmcfinder.com/listing/the-nature-phuket/
RAMA GARDENS HOTEL BANGKOK,Leisure & Experience DMCs,Bangkok  thailand,https://dmcfinder.com/listing/rama-gardens-hotel-bangkok/
THE REGENT CHAAM BEACH RESORT,Leisure & Experience DMCs,Cha-am  thailand,https://dmcfinder.com/listing/the-regent-chaam-beach-resort/
Banyan Tree Bangkok,Leisure & Experience DMCs,Bangkok  thailand,https://dmcfinder.com/listing/banyan-tree-bangkok/
Angsana  Laguna  Phuket,Leisure & Experience DMCs,Phuket  thailand,https://dmcfinder.com/listing/angsana-laguna-phuket/
Royal Cliff Hotels Group,Leisure & Experience DMCs,Pattaya City  thailand,https://dmcfinder.com/listing/royal-cliff-hotels-group/
Anantara Hua Hin Resort,Leisure & Experience DMCs,Hua Hin  thailand,https://dmcfinder.com/listing/anantara-hua-hin-resort/
Novotel Phuket Resort,Leisure & Experience DMCs,Pa Tong  thailand,https://dmcfinder.com/listing/novotel-phuket-resort/
Hotel Nikko Bangkok,Leisure & Experience DMCs,Bangkok  thailand,https://dmcfinder.com/listing/hotel-nikko-bangkok/
Royal Orchid Sheraton Hotel & Towers,Leisure & Experience DMCs,Bangkok  thailand,https://dmcfinder.com/listing/royal-orchid-sheraton-hotel-towers/
AMBASSADOR HOTEL BANGKOK,Leisure & Experience DMCs,Bangkok  thailand,https://dmcfinder.com/listing/ambassador-hotel-bangkok/
Prince Palace Hotel,Leisure & Experience DMCs,Bangkok  thailand,https://dmcfinder.com/listing/prince-palace-hotel/
Kata Sea Breeze Resort,Leisure & Experience DMCs,Phuket  thailand,https://dmcfinder.com/listing/kata-sea-breeze-resort/
Beach Republic,Leisure & Experience DMCs,Ko Samui  thailand,https://dmcfinder.com/listing/beach-republic/
Devasom Khao Lak Beach Resort & Villas,Leisure & Experience DMCs,Phang-nga  thailand,https://dmcfinder.com/listing/devasom-khao-lak-beach-resort-villas/
Anantara Bophut Koh Samui Resort,Leisure & Experience DMCs,Koh Samui  thailand,https://dmcfinder.com/listing/anantara-bophut-koh-samui-resort/
Mode Sathorn Hotel,Leisure & Experience DMCs,Bangkok  thailand,https://dmcfinder.com/listing/mode-sathorn-hotel/
MICE Thailand (Net),MICE & Event DMCs,Bangkok  Phuket,https://micethailand.net/
MICE Magic Thailand,MICE & Event DMCs,Bangkok,https://www.micemagicthailand.com/
MC Planner (MICE Service),MICE & Event DMCs,Bangkok,http://www.miceservice.com/
Phuket Event Company,MICE & Event DMCs,Phuket  Bangkok,https://www.phuketeventcompany.com/
Royal Vacation DMC,MICE & Event DMCs,Bangkok,https://royalvacationdmc.com/
ITC Travel MICE,MICE & Event DMCs,Bangkok,https://www.itc.travel/mice
MCI Thailand,MICE & Event DMCs,Bangkok,https://www.wearemci.com/
Thailand Convention & Exhibition Bureau,MICE & Event DMCs,Bangkok,https://www.businesseventsthailand.com/
CWT Meetings & Events Thailand,MICE & Event DMCs,Bangkok,https://www.mycwt.com/
HIS Thailand,MICE & Event DMCs,Bangkok,https://www.his-bkk.com/
Reed Tradex Thailand,MICE & Event DMCs,Bangkok,https://www.reedtradex.com/
Index Creative Village,MICE & Event DMCs,Bangkok,https://www.indexcreativevillage.com/
IMPACT Exhibition Management,MICE & Event DMCs,Bangkok,https://www.impact.co.th/
Bangkok Convention Centre,MICE & Event DMCs,Bangkok,https://www.bcc.co.th/
BITEC Bangkok,MICE & Event DMCs,Bangkok,https://www.bitec.co.th/
Centara Convention Centre,MICE & Event DMCs,Bangkok  Pattaya,https://www.centarahotelsresorts.com/
Avani+ Convention Hotel,MICE & Event DMCs,Bangkok,https://www.avanihotels.com/
Amari Events Thailand,MICE & Event DMCs,Bangkok  Phuket,https://www.amari.com/
Anantara MICE,MICE & Event DMCs,Multiple,https://www.anantara.com/
Banyan Tree MICE Bangkok,MICE & Event DMCs,Bangkok,https://www.banyantree.com/
Dusit MICE,MICE & Event DMCs,Bangkok,https://www.dusit.com/
Sheraton Grande Bangkok Events,MICE & Event DMCs,Bangkok,https://www.marriott.com/
SO Bangkok Events,MICE & Event DMCs,Bangkok,https://www.so-bangkok.com/
Event Pop Thailand,MICE & Event DMCs,Bangkok,https://www.eventpop.me/
Eventbrite Thailand,MICE & Event DMCs,Bangkok,https://www.eventbrite.com/
Asia Exhibition & Conferences,MICE & Event DMCs,Bangkok,https://www.aecasia.com/
Dream Incentive Thailand,MICE & Event DMCs,Bangkok,https://www.dreamincentive.com/
Onyx Hospitality Events,MICE & Event DMCs,Bangkok,https://www.onyx-hospitality.com/
Minor Hotels Events,MICE & Event DMCs,Multiple,https://www.minorhotels.com/
Cape & Kantary Events,MICE & Event DMCs,Multiple,https://www.capekantaryhotels.com/
Siam Piwat Events,MICE & Event DMCs,Bangkok,https://www.siampiwat.com/
True Arena Hua Hin,MICE & Event DMCs,Hua Hin,https://www.truearena.com/
Laguna Phuket Events,MICE & Event DMCs,Phuket,https://www.lagunaphuket.com/
Kata Group Events,MICE & Event DMCs,Phuket,https://www.katathani.com/
Live International Thailand,MICE & Event DMCs,Bangkok,https://www.liveinternational.com/
Limousine.in.th,Transport & Transfer Services,Bangkok,https://limousine.in.th/
Elife Limo,Transport & Transfer Services,Bangkok,https://elifelimo.com/
Oriental Escape Transfer,Transport & Transfer Services,Bangkok,https://www.orientalescape.com/transfer/thailand
Blacklane Thailand,Transport & Transfer Services,Bangkok,https://www.blacklane.com/en/airport-transfer-bangkok/
First Class Bangkok,Transport & Transfer Services,Bangkok,https://www.firstclassbangkok.com/
GB Limousine,Transport & Transfer Services,Bangkok,https://gblimousine.net/
Thai Taxis,Transport & Transfer Services,Bangkok  Pattaya,https://www.thaitaxis.com/
Thai Limo,Transport & Transfer Services,Bangkok,https://www.thailimo.com/
AirportTransfer.com Thailand,Transport & Transfer Services,Multiple,https://www.airporttransfer.com/
Klook Thailand Transfers,Transport & Transfer Services,Bangkok,https://www.klook.com/en-US/airport-transfers/city/4-bangkok-airport/
12Go Asia,Transport & Transfer Services,Multiple,https://12go.asia/
BusOnlineTicket Thailand,Transport & Transfer Services,Multiple,https://www.busonlineticket.co.th/
Thai Railway Booking,Transport & Transfer Services,National,https://www.thairailwayticket.com/
Bolt Thailand,Transport & Transfer Services,Bangkok  Pattaya,https://bolt.eu/
Grab Thailand,Transport & Transfer Services,Multiple,https://www.grab.com/th/
InDrive Thailand,Transport & Transfer Services,Multiple,https://indrive.com/
Lomprayah,Transport & Transfer Services,Gulf Islands,https://www.lomprayah.com/
Seatran Ferry,Transport & Transfer Services,Gulf Islands,https://www.seatranferry.com/
Andaman Wave Master,Transport & Transfer Services,Phuket  Krabi,https://andamanwavemaster.com/
Tigerline Ferry,Transport & Transfer Services,Andaman Coast,https://www.tigerlinetravel.com/
Nok Air,Transport & Transfer Services,National,https://www.nokair.com/
Thai Lion Air,Transport & Transfer Services,National,https://www.lionairthai.com/
Bangkok Airways,Transport & Transfer Services,National,https://www.bangkokair.com/
Thai Vietjet,Transport & Transfer Services,National,https://www.vietjetair.com/
AirAsia Thailand,Transport & Transfer Services,National,https://www.airasia.com/
Phuket Ferry,Transport & Transfer Services,Phuket,https://www.phuketferry.com/
Railay Beach Longtail,Transport & Transfer Services,Krabi,https://www.railaybeach.com/
Bangkok River Taxi,Transport & Transfer Services,Bangkok,https://www.chaophrayaexpressboat.com/
BTS Skytrain,Transport & Transfer Services,Bangkok,https://www.bts.co.th/
MRT Bangkok,Transport & Transfer Services,Bangkok,https://www.mrta.co.th/
Airport Rail Link,Transport & Transfer Services,Bangkok,https://www.srtet.co.th/
Phuket Smart Bus,Transport & Transfer Services,Phuket,https://www.phuketsmartbus.com/
Songthaew Chiang Mai,Transport & Transfer Services,Chiang Mai,https://www.chiangmaitraveller.com/
Thai Rent A Car,Transport & Transfer Services,Multiple,https://www.thairentacar.com/
Budget Car Thailand,Transport & Transfer Services,Multiple,https://www.budget.co.th/
Hertz Thailand,Transport & Transfer Services,Multiple,https://www.hertz.co.th/
Sixt Thailand,Transport & Transfer Services,Multiple,https://www.sixt.co.th/
Active Thailand,Adventure & Outdoor Operators,Chiang Mai,https://active-thailand.com/
Flight of the Gibbon,Adventure & Outdoor Operators,Chiang Mai  Pattaya,https://www.treetopasia.com/
Elephant Nature Park,Adventure & Outdoor Operators,Chiang Mai,https://www.elephantnaturepark.org/
Sea Canoe Thailand,Adventure & Outdoor Operators,Phuket,https://www.seacanoe.net/
Dive The World Thailand,Adventure & Outdoor Operators,Phuket  Koh Tao,https://www.dive-the-world.com/
Ban's Diving Resort,Adventure & Outdoor Operators,Koh Tao,https://www.bansdivingresort.com/
SSS Phuket Diving,Adventure & Outdoor Operators,Phuket,https://www.sssphuket.com/
Similan Diving Safaris,Adventure & Outdoor Operators,Phuket,https://www.similan-diving-safaris.com/
Rock Climbing Railay,Adventure & Outdoor Operators,Krabi,https://www.railayadventure.com/
Basecamp Tonsai,Adventure & Outdoor Operators,Krabi,https://www.basecamptonsai.com/
Thai Adventures,Adventure & Outdoor Operators,Multiple,https://www.thaiadventures.com/
Jungle Flight Chiang Mai,Adventure & Outdoor Operators,Chiang Mai,https://www.jungleflight.com/
Paddle Asia,Adventure & Outdoor Operators,Phuket,https://www.paddleasia.com/
Sail in Asia,Adventure & Outdoor Operators,Phuket,https://www.sailinasia.com/
John Gray's Sea Canoe,Adventure & Outdoor Operators,Phuket,https://www.johngray-seacanoe.com/
Phuket Surf,Adventure & Outdoor Operators,Phuket,https://www.phuketsurfing.com/
Skydive Thailand,Adventure & Outdoor Operators,Pattaya,https://www.skydivethailand.com/
Pooh Eco Trekking,Adventure & Outdoor Operators,Chiang Mai,https://www.pooh-ecotrekking.com/
Khao Sok Discovery,Adventure & Outdoor Operators,Surat Thani,https://www.khaosokdiscovery.com/
Our Jungle Camp,Adventure & Outdoor Operators,Khao Sok,https://www.ourjunglecamp.com/
Elephant Hills,Adventure & Outdoor Operators,Khao Sok,https://www.elephanthills.com/
Anurak Community Lodge,Adventure & Outdoor Operators,Khao Sok,https://www.anuraklodge.com/
Pimalai Excursions,Adventure & Outdoor Operators,Koh Lanta,https://www.pimalai.com/
Koh Tao Divers,Adventure & Outdoor Operators,Koh Tao,https://www.kohtaodivers.com/
Crystal Dive Koh Tao,Adventure & Outdoor Operators,Koh Tao,https://www.crystaldive.com/
Samui Kayak Adventures,Adventure & Outdoor Operators,Koh Samui,https://www.samuikayaks.com/
Blue Stars Kayaking,Adventure & Outdoor Operators,Koh Samui,https://www.bluestars.info/
Elephant Jungle Sanctuary,Adventure & Outdoor Operators,Chiang Mai  Phuket,https://www.elephantjunglesanctuary.com/
Patara Elephant Farm,Adventure & Outdoor Operators,Chiang Mai,https://www.pataraelephantfarm.com/
Cable Ski Pattaya,Adventure & Outdoor Operators,Pattaya,https://www.thaiwakepark.com/
Thai Muay Thai,Adventure & Outdoor Operators,Bangkok  Phuket,https://www.thaimuaythai.com/
Tiger Muay Thai,Adventure & Outdoor Operators,Phuket,https://www.tigermuaythai.com/
Fairtex Training Center,Adventure & Outdoor Operators,Pattaya,https://www.fairtex.com/
Monsoon Valley Vineyard,Adventure & Outdoor Operators,Hua Hin,https://www.monsoonvalley.com/
Chiang Dao Nest,Adventure & Outdoor Operators,Chiang Dao,https://www.chiangdao.com/
Koh Yao Noi Eco,Adventure & Outdoor Operators,Koh Yao Noi,https://www.kohyaonoi.com/
Phuket Elephant Sanctuary,Adventure & Outdoor Operators,Phuket,https://www.phuketelephantsanctuary.org/
Bangkok Food Tours,Food & Culinary Operators,Bangkok,https://www.bangkokfoodtours.com/
Silom Thai Cooking School,Food & Culinary Operators,Bangkok,https://www.bangkokthaicooking.com/
Baipai Thai Cooking School,Food & Culinary Operators,Bangkok,https://www.baipai.com/
Blue Elephant Cooking School,Food & Culinary Operators,Bangkok,https://www.blueelephant.com/
Manohra Cruises,Food & Culinary Operators,Bangkok,https://www.manohracruises.com/
Chiang Mai Cooking Class,Food & Culinary Operators,Chiang Mai,https://www.chiangmaicookingclass.com/
Thai Farm Cooking School,Food & Culinary Operators,Chiang Mai,https://www.thaifarmcooking.com/
Pantawan Cooking Class,Food & Culinary Operators,Chiang Mai,https://www.pantawancooking.com/
Mama Noi Cooking Class,Food & Culinary Operators,Chiang Mai,https://www.mamanoi.com/
Asia Scenic Cooking Class,Food & Culinary Operators,Chiang Mai,https://www.asiascenic.com/
Phuket Thai Cooking Academy,Food & Culinary Operators,Phuket,https://www.phuketthaicookingacademy.com/
Blue Elephant Phuket,Food & Culinary Operators,Phuket,https://www.blueelephant.com/phuket/
Sompong Thai Cooking School,Food & Culinary Operators,Bangkok,https://www.sompongthaicookingschool.com/
Issaya Cooking Studio,Food & Culinary Operators,Bangkok,https://www.issaya.com/
Baan Thai Cookery School,Food & Culinary Operators,Chiang Mai,https://www.baanthaicookery.com/
Samui Institute of Thai Culinary Arts,Food & Culinary Operators,Koh Samui,https://www.sitca.net/
Time For Lime,Food & Culinary Operators,Koh Lanta,https://www.timeforlime.net/
Courageous Kitchen,Food & Culinary Operators,Bangkok,https://www.courageouskitchen.org/
Mark Wiens Thailand Tours,Food & Culinary Operators,Bangkok,https://migrationology.com/
A Chef's Tour Bangkok,Food & Culinary Operators,Bangkok,https://www.achefstour.com/
Doi Chaang Coffee Tour,Food & Culinary Operators,Chiang Rai,https://www.doichaangcoffee.com/
Bo.Lan Restaurant,Food & Culinary Operators,Bangkok,https://www.bolan.co.th/
Nahm Restaurant,Food & Culinary Operators,Bangkok,https://www.comohotels.com/
Le Du Restaurant,Food & Culinary Operators,Bangkok,https://www.ledubkk.com/
Paste Bangkok,Food & Culinary Operators,Bangkok,https://www.pastebangkok.com/
80/20 Restaurant,Food & Culinary Operators,Bangkok,https://www.8020bkk.com/
Err Urban Rustic Thai,Food & Culinary Operators,Bangkok,https://www.errbkk.com/
Soul Food Mahanakorn,Food & Culinary Operators,Bangkok,https://www.soulfoodmahanakorn.com/
Supanniga Eating Room,Food & Culinary Operators,Bangkok,https://www.supannigaeatingroom.com/
Issaya Siamese Club,Food & Culinary Operators,Bangkok,https://www.issaya.com/
Namsaah Bottling Trust,Food & Culinary Operators,Bangkok,https://www.namsaah.com/
Cabbages & Condoms,Food & Culinary Operators,Bangkok,https://www.cabbagesandcondoms.com/
Ruen Mallika,Food & Culinary Operators,Bangkok,https://www.ruenmallika.com/
Baan Khanitha,Food & Culinary Operators,Bangkok,https://www.baankhanitha.com/
Khao Soi Khun Yai,Food & Culinary Operators,Chiang Mai,https://www.khaosoi.com/
Krua Apsorn,Food & Culinary Operators,Bangkok,https://www.kruaapsorn.com/
Kamalaya Koh Samui,Wellness & Spa Services,Koh Samui,https://kamalaya.com/
Samahita Retreat,Wellness & Spa Services,Koh Samui,https://samahitaretreat.com/
The Sanctuary Thailand,Wellness & Spa Services,Koh Phangan,https://thesanctuarythailand.com/
Ananda Yoga & Detox,Wellness & Spa Services,Koh Phangan,https://anandayogadetox.com/
Chiva-Som,Wellness & Spa Services,Hua Hin,https://www.chivasom.com/
RAKxa Wellness,Wellness & Spa Services,Bangkok,https://www.rakxawellness.com/
Absolute Sanctuary,Wellness & Spa Services,Koh Samui,https://www.absolutesanctuary.com/
Museflower Retreat & Spa,Wellness & Spa Services,Chiang Rai,https://www.museflower.com/
True Nature Chiang Mai,Wellness & Spa Services,Chiang Mai,https://www.truenaturecm.com/
Wellness Retreats Thailand,Wellness & Spa Services,Multiple,https://www.wellnessretreatsthailand.com/
Orion Healing Center,Wellness & Spa Services,Koh Phangan,https://www.orionhealing.com/
Vikasa Yoga Retreat,Wellness & Spa Services,Koh Samui,https://vikasa.com/
Wild Rose Yoga,Wellness & Spa Services,Koh Phangan,https://www.wildroseyoga.com/
Suan Sati Yoga,Wellness & Spa Services,Chiang Mai,https://www.suansati.com/
Yoga Thailand,Wellness & Spa Services,Koh Samui,https://www.yogathailand.com/
Oasis Spa,Wellness & Spa Services,Bangkok  Chiang Mai  Phuket,https://www.oasisspa.net/
Let's Relax Spa,Wellness & Spa Services,Multiple,https://www.letsrelaxspa.com/
Health Land Spa,Wellness & Spa Services,Bangkok,https://www.healthlandspa.com/
Asia Herb Association,Wellness & Spa Services,Bangkok,https://www.asiaherbassociation.com/
Banyan Tree Spa,Wellness & Spa Services,Bangkok  Phuket  Samui,https://www.banyantreespa.com/
Six Senses Spa Thailand,Wellness & Spa Services,Koh Samui  Koh Yao Noi,https://www.sixsenses.com/
COMO Shambhala,Wellness & Spa Services,Bangkok,https://www.comohotels.com/
So Thai Spa,Wellness & Spa Services,Bangkok,https://www.sothaispa.com/
Rarinjinda Wellness Spa,Wellness & Spa Services,Chiang Mai,https://www.rarinjinda.com/
Fah Lanna Spa,Wellness & Spa Services,Chiang Mai,https://www.fahlanna.com/
The Barai Spa,Wellness & Spa Services,Hua Hin,https://www.thebarai.com/
Aleenta Spa,Wellness & Spa Services,Hua Hin  Phuket,https://www.aleenta.com/
Devarana Spa,Wellness & Spa Services,Bangkok,https://www.devaranaspa.com/
Panpuri Organic Spa,Wellness & Spa Services,Bangkok,https://www.panpuri.com/
Thann Sanctuary Spa,Wellness & Spa Services,Bangkok,https://www.thann.co.th/
Spa Cenvaree,Wellness & Spa Services,Multiple,https://www.spacenvaree.com/
Divana Spa,Wellness & Spa Services,Bangkok,https://www.divanaspa.com/
Harnn Heritage Spa,Wellness & Spa Services,Bangkok,https://www.harnn.com/
Bhawa Spa,Wellness & Spa Services,Bangkok,https://www.bhawaspa.com/
San Kamphaeng Hot Springs,Wellness & Spa Services,Chiang Mai,https://www.chiangmai.com/
The Dawn Rehab,Wellness & Spa Services,Chiang Mai,https://thedawnrehab.com/
Amatara Wellness Resort,Wellness & Spa Services,Phuket,https://www.amataraphuket.com/
Mangosteen Ayurveda,Wellness & Spa Services,Phuket,https://www.mangosteen-phuket.com/
Atmanjai Wellness,Wellness & Spa Services,Phuket,https://www.atmanjai.com/
Wat Suan Mokkh,Wellness & Spa Services,Surat Thani,https://www.suanmokkh.org/
Doi Suthep Meditation,Wellness & Spa Services,Chiang Mai,https://www.doisuthep.com/
International Dhamma Hermitage,Wellness & Spa Services,Surat Thani,https://www.suanmokkh.org/
Wat Mahathat Meditation,Wellness & Spa Services,Bangkok,https://www.watmahathat.com/
Peace Revolution,Wellness & Spa Services,Multiple,https://www.peacerevolution.net/
Dhamma Kancana Vipassana,Wellness & Spa Services,Kanchanaburi,https://www.dhamma.org/
Wat Pa Tam Wua,Wellness & Spa Services,Mae Hong Son,https://www.watpatamwua.com/
The Yard Hostel Bangkok,Boutique Hotels & Hostels,Bangkok,https://www.theyardhostel.com/
Lub d Bangkok,Boutique Hotels & Hostels,Bangkok,https://www.lubd.com/
NapPark Hostel,Boutique Hotels & Hostels,Bangkok,https://www.nappark.com/
Once Again Hostel,Boutique Hotels & Hostels,Bangkok,https://www.onceagainhostel.com/
Hom Hostel & Cooking Club,Boutique Hotels & Hostels,Bangkok,https://www.homhostel.com/
Ad Lib Bangkok,Boutique Hotels & Hostels,Bangkok,https://www.adlibhotels.com/
Warehouse 30 Hostel,Boutique Hotels & Hostels,Bangkok,https://www.warehouse30.com/
Stamps Backpackers,Boutique Hotels & Hostels,Chiang Mai,https://www.stampsbackpackers.com/
Green Tiger House,Boutique Hotels & Hostels,Chiang Mai,https://www.greentigerhouse.com/
Hug Hostel Chiang Mai,Boutique Hotels & Hostels,Chiang Mai,https://www.hughostel.com/
Julie Guesthouse,Boutique Hotels & Hostels,Chiang Mai,https://www.julieguesthouse.com/
The Work Loft Phuket,Boutique Hotels & Hostels,Phuket,https://www.theworkloft.com/
Slumber Party Phuket,Boutique Hotels & Hostels,Phuket,https://www.slumberparty.co/
Mad Monkey Hostel,Boutique Hotels & Hostels,Bangkok  Koh Phangan,https://www.madmonkeyhostels.com/
Bodega Bangkok,Boutique Hotels & Hostels,Bangkok,https://www.bodegahostels.com/
The Chiang Mai White House,Boutique Hotels & Hostels,Chiang Mai,https://www.chiangmaiwhitehouse.com/
Dash Resort Koh Samui,Boutique Hotels & Hostels,Koh Samui,https://www.dashhospitality.com/
Selina Hostel Phuket,Boutique Hotels & Hostels,Phuket,https://www.selina.com/
Nomad Residence Chiang Mai,Boutique Hotels & Hostels,Chiang Mai,https://nomadresidence.com/
Casa de Moda Chiang Mai,Boutique Hotels & Hostels,Chiang Mai,https://www.casademoda.co/
X2 Vibe Hotels,Boutique Hotels & Hostels,Multiple,https://www.x2resorts.com/
U Hotels & Resorts,Boutique Hotels & Hostels,Multiple,https://www.uhotelsresorts.com/
Sala Hospitality Group,Boutique Hotels & Hostels,Multiple,https://www.salahospitality.com/
Siripanna Villa Resort,Boutique Hotels & Hostels,Chiang Mai,https://www.siripanna.com/
137 Pillars House,Boutique Hotels & Hostels,Chiang Mai  Bangkok,https://www.137pillarshotels.com/
Rachamankha Hotel,Boutique Hotels & Hostels,Chiang Mai,https://www.rachamankha.com/
Na Nirand Romantic Boutique,Boutique Hotels & Hostels,Chiang Mai,https://www.nanirand.com/
Ping Nakara Boutique Hotel,Boutique Hotels & Hostels,Chiang Mai,https://www.pingnakara.com/
Akyra Manor Chiang Mai,Boutique Hotels & Hostels,Chiang Mai,https://www.theakyra.com/
Baan Krating Phuket,Boutique Hotels & Hostels,Phuket,https://www.baankrating.com/
The Siam Hotel,Boutique Hotels & Hostels,Bangkok,https://www.thesiamhotel.com/
Ariyasom Villa,Boutique Hotels & Hostels,Bangkok,https://www.ariyasom.com/
Cabochon Hotel,Boutique Hotels & Hostels,Bangkok,https://www.cabochonhotel.com/
Hotel Muse Bangkok,Boutique Hotels & Hostels,Bangkok,https://www.hotelmusebangkok.com/
Collective Hospitality,Boutique Hotels & Hostels,Multiple,https://collectivehospitality.com/
Koh Tao Hostel,Boutique Hotels & Hostels,Koh Tao,https://www.kohtaohostel.com/
Feung Nakorn Balcony,Boutique Hotels & Hostels,Bangkok,https://www.feungnakorn.com/
Praya Palazzo,Boutique Hotels & Hostels,Bangkok,https://www.prayapalazzo.com/
Riva Surya Bangkok,Boutique Hotels & Hostels,Bangkok,https://www.rivasurya.com/
Maison Dalabua,Boutique Hotels & Hostels,Bangkok,https://www.maisondalabua.com/
Inn A Day Bangkok,Boutique Hotels & Hostels,Bangkok,https://www.innaday.com/
Tingly Thai Cooking School,Food & Culinary Operators,17/1 Soi Prachum (Silom 22)  Surawong Road  Bangrak  Bangkok 10500,https://tinglythaicookingschool.com
Siam Niramit Phuket,Leisure & Experience DMCs,55/81 Moo 5 Chalermprakiat Road  Rassada  Mueang Phuket 83000,https://siamniramitphuket.com
The Tuk Tuk Club,Leisure & Experience DMCs,Chiang Mai  Thailand,https://thetuktukclub.com
TIC Holidays Co.  Ltd,Leisure & Experience DMCs,393 Click Denim Bldg  3rd Floor  Sukhumvit-63  Bangkok 10110,https://tictours.com
LJ Biz,Leisure & Experience DMCs,40/83 Sailom Home Office  Soi Intramara 8  Suthisan Rd  Bangkok 10400,https://lets-tour-bangkok.com
Feast Thailand,Food & Culinary Operators,10 Naebkhehart Road  Hua Hin  Prachuap Khiri Khan 77110,https://feastthailand.com
Dragon Flight Ziplining Canopy Tour,Adventure & Outdoor Operators,47/2 Moonmuang Road  T. Prasing A. Muang  Chiang Mai 50200,https://dragonflightchiangmai.com
Phoenix Adventure Park,Adventure & Outdoor Operators,147 M.6 T. Mae Raem  A. Mae Rim  Chiang Mai 50180,https://phoenixadventurepark.com
Monjam Zipline Adventure,Adventure & Outdoor Operators,99/9 M. 2 Pongyang  Mae Rim  Chiang Mai 50180,https://chiangmaitraveller.com
Roctopus Dive,Adventure & Outdoor Operators,17 Moo 1  Koh Tao  Koh Pha-ngan District  Surat Thani 84360,https://roctopusdive.com
Duck'n Dive Koh Tao,Adventure & Outdoor Operators,Koh Tao Hillside Dive Resort  Koh Tao  Surat Thani 84360,https://duckndivekohtao.com
Phuket Paradise Trip,Adventure & Outdoor Operators,54/2 Moo 7  Chalong  Mueang Phuket District  Phuket 83130,https://phuketparadisetrip.com
Phuket ATV Tour,Adventure & Outdoor Operators,59/26 Moo 5  Srisoonthorn  Thalang District  Phuket 83110,https://atvphuket.com
Railay Rock You,Adventure & Outdoor Operators,Railay Beach  Krabi 81000,https://railayrockyou.com
RAKxa Integrative Wellness,Wellness & Spa Services,1/1 Moo 6  Bang Nam Phueng  Phra Pradaeng  Samut Prakan 10130,https://rakxawellness.com
Layan Life by Anantara,Wellness & Spa Services,168 Moo 6  Layan Beach Soi 4  Cherngtalay  Thalang District  Phuket 83110,https://layanlifephuket.com
The Spa Resorts,Wellness & Spa Services,171/2 Moo 4  Tambon Maret  Koh Samui  Surat Thani 84310,https://thesparesorts.com
Wonderland Healing Center,Wellness & Spa Services,77/7 Moo 3  Koh Phangan  Surat Thani 84280,https://wonderlandhc.com
Wara Cheewa Spa (Four Seasons),Wellness & Spa Services,502 Moo 1  Mae Rim-Samoeng Old Road  Mae Rim  Chiang Mai 50180,https://fourseasons.com
Opium Spa at The Siam,Wellness & Spa Services,3/2 Thanon Khao  Vachirapayabal  Dusit  Bangkok 10300,https://thesiamhotel.com
Illuzion Club Phuket,Nightlife & Entertainment,31 Thanon Bangla  Pa Tong  Kathu District  Phuket 83150,https://illuzionphuket.com
Mustache Bangkok,Nightlife & Entertainment,Decho Rd  Suriyawong  Bang Rak  Bangkok 10500,https://mustachebangkok.com
The Rock Pub Bangkok,Nightlife & Entertainment,93/26-28 Hollywood Street Building  Phaya Thai Road  Ratchathewi  Bangkok 10400,https://therockpub-bangkok.com
Fira Beach Club,Nightlife & Entertainment,228/6-7 Khok Tanod Road  Karon  Phuket 83100,https://firaphuket.com
Hard Rock Cafe Bangkok,Nightlife & Entertainment,518 Maneeya Center Building  Pathumwan  Bangkok 10330,https://cafe.hardrock.com
BOA Club Phuket,Nightlife & Entertainment,Soi Gonzo Bangla Road  Patong  Kathu District  Phuket 83150,https://boaclubphuket.com
Black Cabin Bar,Nightlife & Entertainment,466  16 Thong Lo  Khlong Tan Nuea  Watthana  Bangkok 10110,https://facebook.com/blackcabinbar
Aces Nightclub,Nightlife & Entertainment,1st floor  Ambassador Hotel  171 Soi Sukhumvit 11  Watthana  Bangkok 10110,https://acesnightclub.com
Elite Thonglor,Nightlife & Entertainment,16 Thong Lo 13 Alley  Khlong Tan Nuea  Watthana  Bangkok 10110,https://elitethonglor13.com
Green Room Bangkok,Nightlife & Entertainment,Sukhumvit Soi 7/1 Nana  Bangkok 10110,https://greenroombangkok.com
Blue Voyage Thailand,Lifestyle & Experiences,53 Sivatel Tower  Wireless Rd  Lumphini  Pathum Wan  Bangkok 10330,https://bluevoyagethailand.com
BASE Bangkok,Lifestyle & Experiences,Unit 2F-S11-01/2 Gaysorn Amarin  Phloen Chit Rd.  Lumphini  Bangkok 10330,https://basebangkok.com
Rajawongse Clothier,Lifestyle & Experiences,130 Sukhumvit Road (Next to Landmark hotel)  Khlong Toei  Bangkok 10110,https://dress-for-success.com
Siam Seaplane,Lifestyle & Experiences,52/27 Soi Nana Nuea  Khlong Toei Nuea  Watthana  Bangkok 10110,https://siamseaplane.com
Thailand Elite,Lifestyle & Experiences,Bangkok  Thailand (Operates Nationwide),https://thailandelite.com
Arena Sports Club Hua Hin,Lifestyle & Experiences,52/52 Petchkasem Road  Nong Gae  Hua Hin  Prachuap Khiri Khan 77110,https://arenahuahin.com
Roots Coffee Roaster,Lifestyle & Experiences,33  31 Bhiraj Tower at Sathon  South Sathon Road  Yannawa  Sathon  Bangkok 10120,https://rootsbkk.com
Nature Boutique Hotel,Lifestyle & Experiences,1/19 Vibhavadi Rangsit Road Soi 38 Lat Yao  Chatuchak  Bangkok 10900,https://naturehotel.info
Embassy Diplomat Screens,Cinema & Entertainment,6th Floor  Central Embassy  1031 Phloen Chit Rd  Pathum Wan  Bangkok 10330,https://embassycineplex.com
House Samyan,Cinema & Entertainment,5th Floor  Samyan Mitrtown  944/1 Rama IV Rd  Wang Mai  Pathum Wan  Bangkok 10330,https://housesamyan.com
Foundation Cinema Oasis,Cinema & Entertainment,4 Soi Sukhumvit 43  Khlong Tan Nuea  Watthana  Bangkok 10110,https://cinemaoasis.com
Lido Connect,Cinema & Entertainment,256 Rama I Rd  Pathum Wan  Bangkok 10330,https://lidoconnect.com
Paragon Cineplex (Major Cineplex Group),Cinema & Entertainment,5th Floor  Siam Paragon  991 Rama I Rd  Pathum Wan  Bangkok 10330,https://majorcineplex.com
Emprivé Cineclub (SF Group),Cinema & Entertainment,5th Floor  The Emporium  622 Sukhumvit Rd  Khlong Toei  Bangkok 10110,https://sfcinemacity.com
Cinematique,Cinema & Entertainment,1112/91-93 Soi Sukhumvit Plus  Phra Khanong  Khlong Toei  Bangkok 10110,https://hotelcinematique.com
The Friese-Greene Club,Cinema & Entertainment,259/6 Sukhumvit Soi 22  Khlong Toei  Bangkok 10110,https://fgc.in.th
ICON CINECONIC (Major Cineplex),Cinema & Entertainment,6th Floor  ICONSIAM  299 Charoen Nakhon Rd  Khlong San  Bangkok 10600,https://majorcineplex.com
SF World Cinema,Cinema & Entertainment,7th Floor  CentralWorld  999/9 Rama I Rd  Pathum Wan  Bangkok 10330,https://sfcinemacity.com
Mia Restaurant,Food & Culinary Operators,30 Attha Kawi 1 (Sukhumvit Soi 26)  Khlong Tan  Khlong Toei  Bangkok 10110,https://miarestaurantbkk.com
The Meatchop Butcher and Spirits,Food & Culinary Operators,1/4 Sala Daeng 1 Alley  Silom  Bang Rak  Bangkok 10500,https://facebook.com/meatchopbkk
Factory Coffee HQ,Food & Culinary Operators,226/2 Pradit Manutham Rd  Phlabphla  Wang Thonglang  Bangkok 10310,https://factorybkk.com
Akha Ama Coffee,Food & Culinary Operators,9/1 Mata Apartment  Hassadhisawee Rd  Soi 3  Chang Phuak  Chiang Mai 50300,https://akhaamacoffee.com
Piri Piri Flaming Grill (Siam Paragon Branch),Food & Culinary Operators,Siam Paragon Food Hall  991 Rama I Rd  Pathum Wan  Bangkok 10330,https://piripiriasia.com
Vesper Cocktail Bar,Food & Culinary Operators,10/15 Convent Road  Silom  Bang Rak  Bangkok 10500,https://vesperbar.co
Embassy Room,Food & Culinary Operators,Central Embassy  88 Wireless Road  Pathumwan  Bangkok 10330,https://hyatt.com
Magma Event Bangkok,MICE & Event DMCs,Bangkok (Operates Nationwide),https://magmaeventbangkok.com
Rave Times Thailand,MICE & Event DMCs,Bangkok,https://ravetimesth.com
Events Lab and Production Co.  Ltd.,MICE & Event DMCs,Bangkok  Thailand,https://eventslabpro.com
Live Promotions Bkk,MICE & Event DMCs,Bangkok  Thailand,https://facebook.com/livepromotionsbkk
JAND Events,MICE & Event DMCs,Phuket Yacht Haven Marina,https://jandevents.com
Halfmoon Festival,MICE & Event DMCs,Ban Tai  Koh Phangan  Surat Thani 84280,https://halfmoonfestival.com
MakingTeams,MICE & Event DMCs,Bangkok  Thailand,https://makingteams.com
Jabu Events,MICE & Event DMCs,Bangkok  Thailand,https://jabuevents.com
DTH Travel (formerly Diethelm),Leisure & Experience DMCs,,https://dth.travel
Phoenix Voyages,Leisure & Experience DMCs,,https://phoenixvoyages.com
Asia DMC,Leisure & Experience DMCs,,https://asiadmc.com
Absolute Asia Travel,Leisure & Experience DMCs,,https://absoluteasiatravel.com
Visite Thai,Leisure & Experience DMCs,,https://visitethai.com
Meeting Point International,Leisure & Experience DMCs,,https://meetingpointasia.com
K1 Travels,Leisure & Experience DMCs,,https://k1travels.com
CDM Thailand,Leisure & Experience DMCs,,https://cdmthailand.com
Trails of Indochina,Leisure & Experience DMCs,,https://trailsofindochina.com
Tycoon Holidays,Leisure & Experience DMCs,,https://tycoonholidays.com
Unique World Global,Leisure & Experience DMCs,,https://uniqueworldglobal.com
Dong DMC,Leisure & Experience DMCs,,https://dongdmc.com
Kingdom DMC,Leisure & Experience DMCs,,https://kingdomdmc.com
Your Tour Desk,Leisure & Experience DMCs,,https://yourtourdesk.com
Explera DMC,Leisure & Experience DMCs,,https://explera.co.th
Sun Leisure World,Leisure & Experience DMCs,,https://sunleisureworld.com
Easia Travel,Leisure & Experience DMCs,,https://easia-travel.com
ICS Travel Group,Leisure & Experience DMCs,,https://icstravelgroup.com
Panorama Destination,Leisure & Experience DMCs,,https://panorama-destination.com
TravelBullz,Leisure & Experience DMCs,,https://travelbullz.com
Go Ghummo,Leisure & Experience DMCs,,https://goghummo.com
DHT Holidays,Leisure & Experience DMCs,,https://dhtholidays.com
Sri Holidays,Leisure & Experience DMCs,,https://sri-holidays.com
Travex DMC,Leisure & Experience DMCs,,https://travexnet.com
Arlymear Travel,Leisure & Experience DMCs,,https://arlymear.com
World Travel Service (WTS),Leisure & Experience DMCs,,https://worldtravelservice.co.th
JTB Thailand B2B,Leisure & Experience DMCs,,https://jtbthailand.com
Miki Travel Asia,Leisure & Experience DMCs,,https://miki.co.uk
H.I.S. Tours B2B,Leisure & Experience DMCs,,https://histours.co.th
Streamline Events & DMC,Leisure & Experience DMCs,,https://streamlinedmc.com
Events Travel Asia,Leisure & Experience DMCs,,https://eventstravelasia.com
Focus Asia,Leisure & Experience DMCs,,https://focus.asia
Sens Asia Travel,Leisure & Experience DMCs,,https://sensasia.com
I Asia Thailand,Leisure & Experience DMCs,,https://iasiathailand.com
Destination Services Thailand,Leisure & Experience DMCs,,https://destinationservices.com
Travelink Thailand,Leisure & Experience DMCs,,https://travelink.co.th
R.M.A. Travel & Tours,Leisure & Experience DMCs,,https://rmatravel.com
East West Siam,Leisure & Experience DMCs,,https://eastwestsiam.com
Siam Travel International,Leisure & Experience DMCs,,https://siamtravel.co.th
Majestic Travel International,Leisure & Experience DMCs,,https://majestictravel.co.th
Century Holidays Thailand,Leisure & Experience DMCs,,https://centuryholidays.com
GM Tour & Travel,Leisure & Experience DMCs,,https://gmtour.com
Nakhonchai Air (NCA),Transport & Transfer Services,National,https://www.nakhonchaiair.com/
Sky Bar at Lebua,Nightlife & Entertainment,Bangkok,https://lebua.com/sky-bar/
Octave Rooftop Lounge & Bar,Nightlife & Entertainment,Bangkok,https://www.marriott.com/hotels/hotel-information/restaurant/bkkms-bangkok-marriott-hotel-sukhumvit/
Vertigo and Moon Bar,Nightlife & Entertainment,Bangkok,https://www.banyantree.com/thailand/bangkok
Maggie Choo's,Nightlife & Entertainment,Bangkok,https://www.maggiechoos.com/
Iron Fairies,Nightlife & Entertainment,Bangkok,https://www.theironfairies.com/
Havana Social,Nightlife & Entertainment,Bangkok,https://www.havanasocialbkk.com/
Sing Sing Theater,Nightlife & Entertainment,Bangkok,https://www.singsingtheater.com/
Sugar Club Bangkok,Nightlife & Entertainment,Bangkok,https://www.sugarclub-bangkok.com/
Onyx Bangkok,Nightlife & Entertainment,Bangkok,https://www.onyxbangkok.com/
Route 66 Club,Nightlife & Entertainment,Bangkok,https://www.route66club.com/
Levels Club & Lounge,Nightlife & Entertainment,Bangkok,https://www.levelsclub.com/
Catch Beach Club Phuket,Nightlife & Entertainment,Phuket,https://www.catchbeachclub.com/
Cafe Del Mar Phuket,Nightlife & Entertainment,Phuket,https://www.cafedelmarphuket.com/
Xana Beach Club,Nightlife & Entertainment,Phuket,https://www.xanabeachclub.com/
Ark Bar Beach Club,Nightlife & Entertainment,Koh Samui,https://www.ark-bar.com/
Full Moon Party Official,Nightlife & Entertainment,Koh Phangan,https://www.fullmoonparty-thailand.com/
Calypso Cabaret,Nightlife & Entertainment,Bangkok,https://www.calypsocabaret.com/
Saxophone Pub & Restaurant,Nightlife & Entertainment,Bangkok,https://www.saxophonepub.com/
Brown Sugar Jazz Boutique,Nightlife & Entertainment,Bangkok,https://www.brownsugarbangkok.com/
Walking Street Pattaya,Nightlife & Entertainment,Pattaya,https://www.walkingstreetpattaya.com/
Ku De Ta Bangkok,Nightlife & Entertainment,Bangkok,https://www.kudeta.com/bangkok/
Zero Latency Bangkok,Cinema & Entertainment,Bangkok,https://www.zerolatencyvr.com/
Dream World Bangkok,Cinema & Entertainment,Bangkok,https://www.dreamworld.co.th/
Safari World Bangkok,Cinema & Entertainment,Bangkok,https://www.safariworld.com/
SEA LIFE Bangkok Ocean World,Cinema & Entertainment,Bangkok,https://www.sealifebangkok.com/
Madame Tussauds Bangkok,Cinema & Entertainment,Bangkok,https://www.madametussauds.com/bangkok/
Rajadamnern Boxing Stadium,Cinema & Entertainment,Bangkok,https://www.rajadamnern.com/
Thailand Cultural Centre,Cinema & Entertainment,Bangkok,https://www.tcc.or.th/
Bangkok Art & Culture Centre,Cinema & Entertainment,Bangkok,https://www.bacc.or.th/
Sala Chalermkrung Royal Theatre,Cinema & Entertainment,Bangkok,https://www.salachalermkrung.com/
The Bangkok Screening Room,Cinema & Entertainment,Bangkok,https://www.bkksr.com/
Doc Club & Pub,Cinema & Entertainment,Bangkok,https://www.docclubandpub.com/
EasyKart Bangkok,Cinema & Entertainment,Bangkok  Pattaya  Phuket,https://www.easykart.net/
Sub Zero Ice Skate Club,Cinema & Entertainment,Bangkok,https://www.subzeroiceskate.com/
Bounce Thailand,Cinema & Entertainment,Bangkok,https://www.bounceinc.co.th/
Phuket FantaSea,Cinema & Entertainment,Phuket,https://www.phuket-fantasea.com/
Ripley's Believe It or Not Pattaya,Cinema & Entertainment,Pattaya,https://www.ripleysthailand.com/
Nong Nooch Tropical Garden,Cinema & Entertainment,Pattaya,https://www.nongnoochtropicalgarden.com/
Chiang Mai Night Safari,Cinema & Entertainment,Chiang Mai,https://www.chiangmainightsafari.com/
Tiger Kingdom Chiang Mai,Cinema & Entertainment,Chiang Mai,https://www.tigerkingdom.com/
Vana Nava Hua Hin,Cinema & Entertainment,Hua Hin,https://www.vananavahuahin.com/
Cartoon Network Amazone,Cinema & Entertainment,Pattaya,https://www.cartoonnetworkamazone.com/
Ramayana Water Park,Cinema & Entertainment,Pattaya,https://www.ramayanawaterpark.com/
Sriracha Tiger Zoo,Cinema & Entertainment,Chonburi,https://www.tigerzoo.com/
The Hive Bangkok,Lifestyle & Experiences,Bangkok,https://thehive.co.th/
Punspace Chiang Mai,Lifestyle & Experiences,Chiang Mai,https://www.punspace.com/
TCDC Bangkok,Lifestyle & Experiences,Bangkok,https://www.tcdc.or.th/
KoHub Koh Lanta,Lifestyle & Experiences,Koh Lanta,https://www.kohub.org/
JustCo Thailand,Lifestyle & Experiences,Bangkok,https://www.justcoglobal.com/
The Great Room Bangkok,Lifestyle & Experiences,Bangkok,https://www.thegreatroomoffices.com/
Regus Thailand,Lifestyle & Experiences,Multiple,https://www.regus.com/en-th/
Launchpad Coworking,Lifestyle & Experiences,Bangkok,https://launchpad.co.th/
Fitness First Thailand,Lifestyle & Experiences,Multiple,https://www.fitnessfirst.co.th/
Fight District MMA,Lifestyle & Experiences,Bangkok,https://www.fightdistrict.com/
IconSiam,Lifestyle & Experiences,Bangkok,https://www.iconsiam.com/
Terminal 21,Lifestyle & Experiences,Bangkok,https://www.terminal21.co.th/
Chatuchak Weekend Market,Lifestyle & Experiences,Bangkok,https://www.chatuchakmarket.org/
Asiatique The Riverfront,Lifestyle & Experiences,Bangkok,https://www.asiatiquethailand.com/
Platinum Fashion Mall,Lifestyle & Experiences,Bangkok,https://www.platinumfashionmall.com/
MBK Center,Lifestyle & Experiences,Bangkok,https://www.mbk-center.co.th/
Siam Discovery,Lifestyle & Experiences,Bangkok,https://www.siamdiscovery.co.th/
Thai Visa Centre,Lifestyle & Experiences,Bangkok,https://www.thaivisacentre.com/
Siam Legal International,Lifestyle & Experiences,Bangkok,https://www.siam-legal.com/
Key Visa Thailand,Lifestyle & Experiences,Bangkok,https://www.keyvisa.com/
Iglu Coworking & Visa,Lifestyle & Experiences,Multiple,https://iglu.net/
Duke Language School,Lifestyle & Experiences,Bangkok,https://www.dukelanguage.com/
Pro Language School,Lifestyle & Experiences,Bangkok,https://www.prolanguage.co.th/
Raja's Fashions,Lifestyle & Experiences,Bangkok,https://www.rajasfashions.com/
Narry Tailor,Lifestyle & Experiences,Bangkok,https://www.narrytailor.com/
Pinky Tailor,Lifestyle & Experiences,Bangkok,https://www.pinkytailor.com/
Outpost Coworking,Lifestyle & Experiences,Koh Samui,https://www.outpost-asia.com/
CentralWorld,Lifestyle & Experiences,Bangkok,https://www.centralworld.co.th/
One Nimman Chiang Mai,Lifestyle & Experiences,Chiang Mai,https://www.onenimman.com/
The Commons Saladaeng,Lifestyle & Experiences,Bangkok,https://www.thecommonsbkk.com/
Simba Sea Trips,Adventure & Outdoor Operators,Thailand,https://simbaseatrips.com/
Santana Biking Chiang Mai,Adventure & Outdoor Operators,Thailand,https://santanaadventures.com/cruises/
Chillax Heritage Bangkok,Boutique Hotels & Hostels,Thailand,https://www.hotelsbkk.com/chillax-heritage-hotel-khaosan/
Tara Mantra Cha-Am,Boutique Hotels & Hostels,Thailand,https://taramantra-chaam.com/
Makkasan Hostel Bangkok,Boutique Hotels & Hostels,Thailand,https://www.mercurebangkokmakkasan.com/
Phranakorn Nornlen Bangkok,Boutique Hotels & Hostels,Thailand,https://www.phranakorn-nornlen.com/
Old Capital Bike Inn,Boutique Hotels & Hostels,Thailand,http://www.oldcapitalbkk.com/
Chern Hostel Bangkok,Boutique Hotels & Hostels,Thailand,http://chernbangkok.com/
SF Cinema City,Cinema & Entertainment,Thailand,https://www.sfcinema.com/
House RCA,Cinema & Entertainment,Thailand,https://www.housesamyan.com/
Escape Room by Komnata,Cinema & Entertainment,Thailand,https://www.escaperoomthailand.com/
Brain Out Escape Room,Cinema & Entertainment,Thailand,https://www.tripadvisor.in/Attraction_Review-g293916-d13084472-Reviews-Puzzle_Room_Bangkok-Bangkok.html
The Great Hornbills Zipline,Cinema & Entertainment,Thailand,http://hornbill.or.th/
Mekhala River Cruise,Cinema & Entertainment,Thailand,https://www.asianoasis.com/mekkala
Chao Phraya Princess Cruise,Cinema & Entertainment,Thailand,https://www.chaophrayacruises.com/
White Orchid Dinner Cruise,Cinema & Entertainment,Thailand,https://www.bangkokchaophrayacruise.com/viewCruise.jsp?clubId=38367&shopCategoryId=182282&productId=868389
Muay Thai Live Show,Cinema & Entertainment,Thailand,https://rajadamnern.com/
Siam Amazing Park,Cinema & Entertainment,Thailand,https://www.siamamazingpark.com/en/index.php
Flight Experience Bangkok,Cinema & Entertainment,Thailand,https://www.tripadvisor.in/Attraction_Review-g293916-d3240006-Reviews-Flight_Experience_Bangkok-Bangkok.html
Harborland Thailand,Cinema & Entertainment,Thailand,https://harborlandgroup.com/
SuperPark Thailand,Cinema & Entertainment,Thailand,https://www.tripadvisor.in/Attraction_Review-g293916-d20007429-Reviews-Superpark_Thailand-Bangkok.html
Bar Us,Nightlife & Entertainment,Bangkok,https://www.us-bar.com/
Mahaniyom,Nightlife & Entertainment,Bangkok,https://nightlifethailand.com/venues/mahaniyom-cocktail-bar/
Opium,Nightlife & Entertainment,Bangkok,https://www.bkmagazine.com/nightlife/bangkoks-top-10-cocktail-bars-your-next-big-night-out/
Phuripat Transport 88,Transport & Transfer Services,Thailand,https://www.thailandferrybooking.com/ferry/operator/-phuripat-transport-88
35 Group Pattaya,Transport & Transfer Services,Thailand,https://www.thailandferrybooking.com/ferry/operator/35-group-pattaya-
Adang Sea Tour,Transport & Transfer Services,Thailand,https://www.thailandferrybooking.com/ferry/operator/adang-sea-tour
Andaman Sea Tour & Transport,Transport & Transfer Services,Thailand,https://www.thailandferrybooking.com/ferry/operator/andaman-sea-tour-&-transport
Andaman Wave Express,Transport & Transfer Services,Thailand,https://www.thailandferrybooking.com/ferry/operator/andaman-wave-express
Ao Nang Travel And Tour,Transport & Transfer Services,Thailand,https://www.thailandferrybooking.com/ferry/operator/ao-nang-travel-and-tour
Arisa Speed Boat Group,Transport & Transfer Services,Thailand,https://www.thailandferrybooking.com/ferry/operator/arisa-speed-boat-group
Arunsiri Travel & Tour,Transport & Transfer Services,Thailand,https://www.thailandferrybooking.com/ferry/operator/arunsiri-travel-&-tour
Bell Travel Services,Transport & Transfer Services,Thailand,https://www.thailandferrybooking.com/ferry/operator/bell-travel-services
Boonsiri,Transport & Transfer Services,Thailand,https://www.thailandferrybooking.com/ferry/operator/boonsiri-
Bundhaya Speed Boat,Transport & Transfer Services,Thailand,https://www.thailandferrybooking.com/ferry/operator/bundhaya-speed-boat
Chao Koh Group,Transport & Transfer Services,Thailand,https://www.thailandferrybooking.com/ferry/operator/chao-koh-group
From Fresh Market to Wok: Thai Cooking wit...,Food & Culinary Operators,Bangkok,https://www.cookly.me/cooking-class/bangkok/
Vegetarian & Vegan,Food & Culinary Operators,Bangkok,https://www.cookly.me/cooking-class/bangkok/veganvegetarian-option/
Family-Friendly,Food & Culinary Operators,Bangkok,https://www.cookly.me/cooking-class/bangkok/family-friendly/
Choose your own menu,Food & Culinary Operators,Bangkok,https://www.cookly.me/cooking-class/bangkok/choose-your-own-menu/
Farm & Garden Tours,Food & Culinary Operators,Bangkok,https://www.cookly.me/cooking-class/bangkok/organic-gardenfarm-tour/
Top Kart Bangkok,Cinema & Entertainment,Bangkok,https://www.topkartbangkok.com/
Puzzle Room Bangkok,Cinema & Entertainment,Bangkok,https://www.puzzleroombangkok.com/BKK/
Xscape Escape Rooms Bangkok,Cinema & Entertainment,Bangkok,https://xscapeescaperooms.com/
Blu-O Rhythm & Bowl,Cinema & Entertainment,Bangkok,https://www.bluofriends.com/en/
Siri Poshtel Bangkok,Boutique Hotels & Hostels,Bangkok,https://www.hostelworld.com/hostels/p/273359/siri-poshtel-bangkok/
Tamni,Boutique Hotels & Hostels,Bangkok,https://www.hostelworld.com/hostels/p/313640/tamni/
Nomad Yard Hostel,Boutique Hotels & Hostels,Bangkok,https://www.hostelworld.com/hostels/p/333841/nomad-yard-hostel/
BKK Social Club,Nightlife & Entertainment,Bangkok,https://www.bkmagazine.com/nightlife/15-best-live-music-bars-bangkok-to-check-out-2025/
Noise House Lat Phrao,Nightlife & Entertainment,Bangkok,https://www.bkmagazine.com/nightlife/bangkoks-best-bars-clubs/
Fatty’s Bar and Diner,Nightlife & Entertainment,Bangkok,https://www.bkmagazine.com/nightlife/cocktails/bangkoks-best-gin-bars/
Dope & Dirty,Nightlife & Entertainment,Bangkok,https://www.siam2nite.com/en/locations/clubs/dope-dirty
Max Club Bangkok,Nightlife & Entertainment,Bangkok,https://www.siam2nite.com/en/locations/clubs/max-club-bangkok
Baccarat,Nightlife & Entertainment,Bangkok,https://www.siam2nite.com/en/locations/clubs/baccarat
Bar Rouge Bangkok,Nightlife & Entertainment,Bangkok,https://www.siam2nite.com/en/locations/clubs/bar-rouge-bangkok
MIXX Bangkok,Nightlife & Entertainment,Bangkok,https://www.siam2nite.com/en/locations/clubs/mixx-bangkok
Space Plus Bangkok,Nightlife & Entertainment,Bangkok,https://www.siam2nite.com/en/locations/clubs/space-plus-bangkok
The Capital Bangkok,Nightlife & Entertainment,Bangkok,https://www.siam2nite.com/en/locations/clubs/the-capital-bangkok
The Club Khaosan,Nightlife & Entertainment,Bangkok,https://www.siam2nite.com/en/locations/clubs/the-club-khaosan
Best Coworking Spaces in Bangkok,Lifestyle & Experiences,Bangkok,https://bangkokbusinessclub.com/blog/best-coworking-spaces-in-bangkok/
DMC Bangkok,MICE & Event DMCs,Thailand,https://www.phuketeventcompany.com/dmc-bangkok/
Paula &amp; Co. DMC Thailand,MICE & Event DMCs,Thailand,https://www.paulaandcothailand.com/
QSNCC,MICE & Event DMCs,Thailand,https://www.qsncc.com/en/media/news-and-update/asias-best-convention-centre-award-qsncc/
Home of the Best Tours Agency Bangkok,Adventure & Outdoor Operators,Thailand,https://www.thaiwander.com/
Thailand Tour,Adventure & Outdoor Operators,Thailand,https://www.nstravel.com/
Queen Sirikit National Convention Center (QSNCC),MICE & Event DMCs,Thailand,https://www.qsncc.com/en/
lebua Hotels & Resorts,Nightlife & Entertainment,Bangkok,https://lebua.com/restaurants/sky/
Sky Bar by lebua,Nightlife & Entertainment,Bangkok,https://www.therooftopguide.com/rooftop-bars-in-bangkok/sky-bar-lebua-at-state-tower.html
Common Ground,Lifestyle & Experiences,Bangkok,https://www.commonground.work/th-en/
WeWork,Lifestyle & Experiences,Bangkok,https://www.wework.com/l/office-space/bangkok
Absolute Boutique Fitness,Lifestyle & Experiences,Bangkok,https://www.absoluteboutiquefitness.co/
Wild Thailand,Adventure & Outdoor Operators,Thailand,http://www.wildthailand.com/
Thai Adventure Club,Adventure & Outdoor Operators,Thailand,https://thaiadventureclub.com/
Octave Rooftop Bar,Nightlife & Entertainment,Bangkok,https://www.marriott.com/en-us/hotels/bkkms-bangkok-marriott-hotel-sukhumvit/dining/
Vertigo & Moon Bar,Nightlife & Entertainment,Bangkok,https://www.bfrfrr.com/vertigo-and-moon-bar/
Ce La Vi Bangkok,Nightlife & Entertainment,Bangkok,https://www.celavi.com/en/bangkok/
DEMO Bangkok,Nightlife & Entertainment,Bangkok,https://www.demobangkok.com/
Eaglecrest DMC,MICE & Event DMCs,Thailand,https://eaglecrestdmc.com/
DMC Quote Thailand,MICE & Event DMCs,Thailand,https://dmcquote.com/
ClubCo Coworking,Lifestyle & Experiences,Bangkok,https://www.clubco-th.com/
The Urban Office,Lifestyle & Experiences,Bangkok,https://www.theurbanoffice.com/
Servcorp Bangkok,Lifestyle & Experiences,Bangkok,https://www.servcorp.co.th/en/coworking/
Absolute Yoga Bangkok,Lifestyle & Experiences,Bangkok,https://www.absoluteyogabangkok.com/
F45 Training Bangkok,Lifestyle & Experiences,Bangkok,https://f45training.com/find-a-studio/
Cvent Thailand Venues,MICE & Event DMCs,Bangkok,https://www.cvent.com/venues/results/Bangkok--Thailand
CAMP by Maya,Lifestyle & Experiences,Chiang Mai,https://www.campmaya.com/
True Digital Park,Lifestyle & Experiences,Bangkok,https://www.truedigitalpark.com/
AIS Design Centre,Lifestyle & Experiences,Bangkok,https://aisdesigncentre.com/
Glowfish Coworking,Lifestyle & Experiences,Bangkok,https://www.glowfishcoworking.com/
